y_pred,y_pred_price,signal,fecha_inicio_ventana,fecha_fin_ventana,y_true,error,abs_error,sq_error,direction_true,direction_pred,horizon,threshold_pips,pnl,pnl_cum
1.0857359170913696,1.0857359170913696,1.0,2023-12-05,2025-11-07,1.07974,-0.005995917091369707,0.005995917091369707,3.5951021766579365e-05,,,1,12.0,1.07974,1.07974
1.0814385414123537,1.0814385414123537,1.0,2023-12-05,2025-11-07,1.07628,-0.005158541412353834,0.005158541412353834,2.661054950296949e-05,↓,↓,1,12.0,1.07628,2.15602
1.0775399208068848,1.0775399208068848,1.0,2023-12-05,2025-11-07,1.07951,0.001970079193115204,0.001970079193115204,3.881212027145453e-06,↑,↓,1,12.0,1.07951,3.23553
1.0774213075637817,1.0774213075637817,1.0,2023-12-05,2025-11-07,1.07617,-0.0012513075637816673,0.0012513075637816673,1.5657706191772113e-06,↓,↓,1,12.0,1.07617,4.3117
1.0764530897140503,1.0764530897140503,1.0,2023-12-05,2025-11-07,1.07634,-0.0001130897140502185,0.0001130897140502185,1.2789283423960189e-08,↑,↓,1,12.0,1.07634,5.38804
1.0761609077453613,1.0761609077453613,1.0,2023-12-05,2025-11-07,1.07943,0.0032690922546385615,0.0032690922546385615,1.0686964169337833e-05,↑,↓,1,12.0,1.07943,6.4674700000000005
1.0777524709701538,1.0777524709701538,1.0,2023-12-05,2025-11-07,1.08742,0.009667529029846245,0.009667529029846245,9.346111754291987e-05,↑,↑,1,12.0,1.08742,7.55489
1.0830141305923462,1.0830141305923462,1.0,2023-12-05,2025-11-07,1.09908,0.016065869407653866,0.016065869407653866,0.0002581121598237884,↑,↑,1,12.0,1.09908,8.653970000000001
1.0922839641571045,1.0922839641571045,1.0,2023-12-05,2025-11-07,1.08943,-0.0028539641571045937,0.0028539641571045937,8.145111410037734e-06,↓,↑,1,12.0,1.08943,9.743400000000001
1.0928404331207275,1.0928404331207275,1.0,2023-12-05,2025-11-07,1.09228,-0.0005604331207276214,0.0005604331207276214,3.140852828085007e-07,↑,↑,1,12.0,1.09228,10.835680000000002
1.0932236909866333,1.0932236909866333,1.0,2023-12-05,2025-11-07,1.09794,0.004716309013366615,0.004716309013366615,2.2243570709563176e-05,↑,↑,1,12.0,1.09794,11.933620000000001
1.0957131385803223,1.0957131385803223,1.0,2023-12-05,2025-11-07,1.09414,-0.0015731385803223752,0.0015731385803223752,2.4747649928986982e-06,↓,↑,1,12.0,1.09414,13.02776
1.09523606300354,1.09523606300354,1.0,2023-12-05,2025-11-07,1.10111,0.005873936996459994,0.005873936996459994,3.4503135838381455e-05,↑,↓,1,12.0,1.10111,14.128870000000001
1.0980345010757446,1.0980345010757446,1.0,2023-12-05,2025-11-07,1.10108,0.00304549892425543,0.00304549892425543,9.27506369764098e-06,↓,↑,1,12.0,1.10108,15.22995
1.09990394115448,1.09990394115448,1.0,2023-12-05,2025-11-07,1.1041,0.004196058845520101,0.004196058845520101,1.7606909835067482e-05,↑,↑,1,12.0,1.1041,16.33405
1.1023736000061035,1.1023736000061035,1.0,2023-12-05,2025-11-07,1.1106,0.008226399993896516,0.008226399993896516,6.76736568595806e-05,↑,↑,1,12.0,1.1106,17.444650000000003
1.1069722175598145,1.1069722175598145,1.0,2023-12-05,2025-11-07,1.10615,-0.0008222175598144865,0.0008222175598144865,6.760417156672887e-07,↓,↑,1,12.0,1.10615,18.550800000000002
1.1075842380523682,1.1075842380523682,1.0,2023-12-05,2025-11-07,1.10384,-0.0037442380523682317,0.0037442380523682317,1.401931859280225e-05,↓,↑,1,12.0,1.10384,19.65464
1.1061646938323975,1.1061646938323975,1.0,2023-12-05,2025-11-07,1.09406,-0.012104693832397428,0.012104693832397428,0.00014652361277608033,↓,↓,1,12.0,1.09406,20.7487
1.0999714136123657,1.0999714136123657,1.0,2023-12-05,2025-11-07,1.0919,-0.00807141361236563,0.00807141361236563,6.514771770188119e-05,↓,↓,1,12.0,1.0919,21.8406
1.0988527536392212,1.0988527536392212,1.0,2023-12-05,2025-11-07,1.09471,-0.0041427536392211195,0.0041427536392211195,1.716240771527983e-05,↑,↓,1,12.0,1.09471,22.935309999999998
1.0958256721496582,1.0958256721496582,1.0,2023-12-05,2025-11-07,1.09403,-0.0017956721496581451,0.0017956721496581451,3.224438469057904e-06,↓,↓,1,12.0,1.09403,24.029339999999998
1.0937941074371338,1.0937941074371338,1.0,2023-12-05,2025-11-07,1.09501,0.0012158925628662498,0.0012158925628662498,1.4783947244334573e-06,↑,↓,1,12.0,1.09501,25.124349999999996
1.0931317806243896,1.0931317806243896,1.0,2023-12-05,2025-11-07,1.09299,-0.00014178062438974237,0.00014178062438974237,2.010174545234521e-08,↓,↓,1,12.0,1.09299,26.217339999999997
1.0926270484924316,1.0926270484924316,1.0,2023-12-05,2025-11-07,1.09713,0.004502951507568298,0.004502951507568298,2.0276572279511608e-05,↑,↓,1,12.0,1.09713,27.314469999999996
1.0938165187835693,1.0938165187835693,1.0,2023-12-05,2025-11-07,1.09722,0.003403481216430748,0.003403481216430748,1.1583684390596926e-05,↑,↑,1,12.0,1.09722,28.411689999999997
1.0952494144439697,1.0952494144439697,1.0,2023-12-05,2025-11-07,1.0949200000000001,-0.00032941444396961117,0.00032941444396961117,1.085138758958081e-07,↓,↑,1,12.0,1.0949200000000001,29.506609999999995
1.095800757408142,1.095800757408142,1.0,2023-12-05,2025-11-07,1.09499,-0.000810757408142182,0.000810757408142182,6.573275748574287e-07,↑,↑,1,12.0,1.09499,30.601599999999994
1.0960156917572021,1.0960156917572021,1.0,2023-12-05,2025-11-07,1.08748,-0.008535691757202146,0.008535691757202146,7.285803377396866e-05,↓,↑,1,12.0,1.08748,31.689079999999993
1.0936561822891235,1.0936561822891235,1.0,2023-12-05,2025-11-07,1.08808,-0.005576182289123599,0.005576182289123599,3.10938089215357e-05,↑,↓,1,12.0,1.08808,32.777159999999995
1.0913622379302979,1.0913622379302979,1.0,2023-12-05,2025-11-07,1.08747,-0.003892237930297915,0.003892237930297915,1.5149516106049796e-05,↓,↓,1,12.0,1.08747,33.86463
1.0893206596374514,1.0893206596374514,1.0,2023-12-05,2025-11-07,1.08965,0.00032934036254861354,0.00032934036254861354,1.084650744036522e-07,↑,↓,1,12.0,1.08965,34.95428
1.088608980178833,1.088608980178833,1.0,2023-12-05,2025-11-07,1.08813,-0.0004789801788329662,0.0004789801788329662,2.2942201171486025e-07,↓,↓,1,12.0,1.08813,36.04241
1.0880579948425293,1.0880579948425293,1.0,2023-12-05,2025-11-07,1.08525,-0.002807994842529249,0.002807994842529249,7.884835035670862e-06,↓,↓,1,12.0,1.08525,37.12766
1.0869752168655396,1.0869752168655396,1.0,2023-12-05,2025-11-07,1.08839,0.0014147831344604178,0.0014147831344604178,2.0016113175536448e-06,↑,↓,1,12.0,1.08839,38.216049999999996
1.0871336460113525,1.0871336460113525,1.0,2023-12-05,2025-11-07,1.08466,-0.0024736460113525816,0.0024736460113525816,6.118924589480536e-06,↓,↑,1,12.0,1.08466,39.300709999999995
1.0863994359970093,1.0863994359970093,1.0,2023-12-05,2025-11-07,1.0853,-0.001099435997009346,0.001099435997009346,1.2087595115199344e-06,↑,↓,1,12.0,1.0853,40.38600999999999
1.0859549045562744,1.0859549045562744,1.0,2023-12-05,2025-11-07,1.08337,-0.00258490455627447,0.00258490455627447,6.681731565048514e-06,↓,↓,1,12.0,1.08337,41.469379999999994
1.0850685834884644,1.0850685834884644,1.0,2023-12-05,2025-11-07,1.08449,-0.0005785834884644014,0.0005785834884644014,3.3475885312363614e-07,↑,↓,1,12.0,1.08449,42.553869999999996
1.084700584411621,1.084700584411621,1.0,2023-12-05,2025-11-07,1.08174,-0.00296058441162117,0.00296058441162117,8.765060058334269e-06,↓,↓,1,12.0,1.08174,43.63561
1.0832771062850952,1.0832771062850952,1.0,2023-12-05,2025-11-07,1.08709,0.003812893714904675,0.003812893714904675,1.4538158481159572e-05,↑,↓,1,12.0,1.08709,44.7227
1.0839293003082275,1.0839293003082275,1.0,2023-12-05,2025-11-07,1.07881,-0.005119300308227492,0.005119300308227492,2.62072356458181e-05,↓,↑,1,12.0,1.07881,45.80151
1.0826144218444824,1.0826144218444824,1.0,2023-12-05,2025-11-07,1.07407,-0.008544421844482342,0.008544421844482342,7.300714465646702e-05,↓,↓,1,12.0,1.07407,46.87558
1.0798228979110718,1.0798228979110718,1.0,2023-12-05,2025-11-07,1.0754299999999999,-0.004392897911071891,0.004392897911071891,1.9297552057099787e-05,↑,↓,1,12.0,1.0754299999999999,47.95101
1.0775234699249268,1.0775234699249268,1.0,2023-12-05,2025-11-07,1.07729,-0.00023346992492667695,0.00023346992492667695,5.450820584526817e-08,↑,↓,1,12.0,1.07729,49.028299999999994
1.0763739347457886,1.0763739347457886,1.0,2023-12-05,2025-11-07,1.0777700000000001,0.0013960652542115426,0.0013960652542115426,1.948998194016739e-06,↑,↓,1,12.0,1.0777700000000001,50.106069999999995
1.0760842561721802,1.0760842561721802,1.0,2023-12-05,2025-11-07,1.07842,0.0023357438278197584,0.0023357438278197584,5.455699229198097e-06,↑,↓,1,12.0,1.07842,51.18449
1.0764727592468262,1.0764727592468262,1.0,2023-12-05,2025-11-07,1.07717,0.000697240753173789,0.000697240753173789,4.861446678863526e-07,↓,↑,1,12.0,1.07717,52.26166
1.076751470565796,1.076751470565796,1.0,2023-12-05,2025-11-07,1.07089,-0.005861470565796001,0.005861470565796001,3.435683719369289e-05,↓,↑,1,12.0,1.07089,53.33255
1.0752583742141724,1.0752583742141724,1.0,2023-12-05,2025-11-07,1.07274,-0.0025183742141723364,0.0025183742141723364,6.342208682608133e-06,↑,↓,1,12.0,1.07274,54.40529
1.0741088390350344,1.0741088390350344,1.0,2023-12-05,2025-11-07,1.07728,0.0031711609649656136,0.0031711609649656136,1.0056261865721642e-05,↑,↓,1,12.0,1.07728,55.48257
1.0744991302490234,1.0744991302490234,1.0,2023-12-05,2025-11-07,1.07755,0.0030508697509765703,0.0030508697509765703,9.30780623742384e-06,↑,↑,1,12.0,1.07755,56.560120000000005
1.0753642320632935,1.0753642320632935,1.0,2023-12-05,2025-11-07,1.07791,0.0025457679367064667,0.0025457679367064667,6.4809343875627005e-06,↑,↑,1,12.0,1.07791,57.63803000000001
1.076393961906433,1.076393961906433,1.0,2023-12-05,2025-11-07,1.08077,0.004376038093566903,0.004376038093566903,1.9149709396348656e-05,↑,↑,1,12.0,1.08077,58.71880000000001
1.0780678987503052,1.0780678987503052,1.0,2023-12-05,2025-11-07,1.08169,0.0036221012496948646,0.0036221012496948646,1.31196174630411e-05,↑,↑,1,12.0,1.08169,59.80049000000001
1.079776644706726,1.079776644706726,1.0,2023-12-05,2025-11-07,1.0823,0.0025233552932739656,0.0025233552932739656,6.367321936093741e-06,↑,↑,1,12.0,1.0823,60.882790000000014
1.0812530517578125,1.0812530517578125,1.0,2023-12-05,2025-11-07,1.08203,0.0007769482421875473,0.0007769482421875473,6.036485710383197e-07,↓,↑,1,12.0,1.08203,61.96482000000002
1.0821794271469116,1.0821794271469116,1.0,2023-12-05,2025-11-07,1.08505,0.002870572853088449,0.002870572853088449,8.240188504888357e-06,↑,↑,1,12.0,1.08505,63.04987000000002
1.0834705829620361,1.0834705829620361,1.0,2023-12-05,2025-11-07,1.08442,0.0009494170379638067,0.0009494170379638067,9.013927119759684e-07,↓,↑,1,12.0,1.08442,64.13429000000002
1.0842912197113037,1.0842912197113037,1.0,2023-12-05,2025-11-07,1.08372,-0.0005712197113036943,0.0005712197113036943,3.2629195858187585e-07,↓,↑,1,12.0,1.08372,65.21801000000002
1.084572196006775,1.084572196006775,1.0,2023-12-05,2025-11-07,1.08042,-0.004152196006774966,0.004152196006774966,1.7240731678677977e-05,↓,↑,1,12.0,1.08042,66.29843000000002
1.0836526155471802,1.0836526155471802,1.0,2023-12-05,2025-11-07,1.08388,0.00022738445281977882,0.00022738445281977882,5.1703689384150215e-08,↑,↓,1,12.0,1.08388,67.38231000000002
1.0834907293319702,1.0834907293319702,1.0,2023-12-05,2025-11-07,1.08555,0.0020592706680298,0.0020592706680298,4.240595684207899e-06,↑,↓,1,12.0,1.08555,68.46786000000002
1.0839009284973145,1.0839009284973145,1.0,2023-12-05,2025-11-07,1.08559,0.0016890715026856018,0.0016890715026856018,2.852962541184597e-06,↑,↑,1,12.0,1.08559,69.55345000000001
1.0844223499298096,1.0844223499298096,1.0,2023-12-05,2025-11-07,1.08975,0.005327650070190426,0.005327650070190426,2.8383855270400054e-05,↑,↑,1,12.0,1.08975,70.64320000000001
1.0860741138458252,1.0860741138458252,1.0,2023-12-05,2025-11-07,1.09483,0.008755886154174775,0.008755886154174775,7.666554234486952e-05,↑,↑,1,12.0,1.09483,71.73803000000001
1.0890580415725708,1.0890580415725708,1.0,2023-12-05,2025-11-07,1.09393,0.004871958427429268,0.004871958427429268,2.3735978918599067e-05,↓,↑,1,12.0,1.09393,72.83196000000001
1.0915277004241943,1.0915277004241943,1.0,2023-12-05,2025-11-07,1.09255,0.0010222995758055742,0.0010222995758055742,1.0450964226922568e-06,↓,↑,1,12.0,1.09255,73.92451000000001
1.092997193336487,1.092997193336487,1.0,2023-12-05,2025-11-07,1.09253,-0.0004671933364870373,0.0004671933364870373,2.1826961365789007e-07,↓,↑,1,12.0,1.09253,75.01704000000001
1.0937573909759521,1.0937573909759521,1.0,2023-12-05,2025-11-07,1.09477,0.0010126090240478725,0.0010126090240478725,1.0253770355831847e-06,↑,↑,1,12.0,1.09477,76.11181
1.094573974609375,1.094573974609375,1.0,2023-12-05,2025-11-07,1.08837,-0.00620397460937494,0.00620397460937494,3.848930095376894e-05,↓,↑,1,12.0,1.08837,77.20018
1.0933114290237427,1.0933114290237427,1.0,2023-12-05,2025-11-07,1.08838,-0.004931429023742773,0.004931429023742773,2.4318992216212597e-05,↑,↓,1,12.0,1.08838,78.28856
1.0917006731033325,1.0917006731033325,1.0,2023-12-05,2025-11-07,1.08719,-0.004510673103332419,0.004510673103332419,2.0346171845126512e-05,↓,↓,1,12.0,1.08719,79.37575000000001
1.0898252725601194,1.0898252725601194,1.0,2023-12-05,2025-11-07,1.08647,-0.00335527256011936,0.00335527256011936,1.1257853952689925e-05,↓,↓,1,12.0,1.08647,80.46222000000002
1.0880533456802368,1.0880533456802368,1.0,2023-12-05,2025-11-07,1.09196,0.003906654319763225,0.003906654319763225,1.526194797412467e-05,↑,↓,1,12.0,1.09196,81.55418000000002
1.0882518291473389,1.0882518291473389,1.0,2023-12-05,2025-11-07,1.0860400000000001,-0.002211829147338751,0.002211829147338751,4.892188177017265e-06,↓,↑,1,12.0,1.0860400000000001,82.64022000000001
1.087375521659851,1.087375521659851,1.0,2023-12-05,2025-11-07,1.08057,-0.006805521659851044,0.006805521659851044,4.6315125062701704e-05,↓,↓,1,12.0,1.08057,83.72079000000001
1.0851331949234009,1.0851331949234009,1.0,2023-12-05,2025-11-07,1.08357,-0.0015631949234009568,0.0015631949234009568,2.443578368546523e-06,↑,↓,1,12.0,1.08357,84.80436
1.083868145942688,1.083868145942688,1.0,2023-12-05,2025-11-07,1.08315,-0.0007181459426879311,0.0007181459426879311,5.157335949991372e-07,↓,↓,1,12.0,1.08315,85.88751
1.0829559564590454,1.0829559564590454,1.0,2023-12-05,2025-11-07,1.08257,-0.0003859564590453779,0.0003859564590453779,1.4896238827884646e-07,↓,↓,1,12.0,1.08257,86.97008000000001
1.0840469598770142,1.0840469598770142,1.0,2023-12-05,2025-11-07,1.07874,-0.005306959877014128,0.005306959877014128,2.816382313623781e-05,↓,↑,1,12.0,1.07874,88.04882
1.082581877708435,1.082581877708435,1.0,2023-12-05,2025-11-07,1.0787,-0.0038818777084350664,0.0038818777084350664,1.5068974543245082e-05,↓,↓,1,12.0,1.0787,89.12752
1.0814074277877808,1.0814074277877808,1.0,2023-12-05,2025-11-07,1.0742099999999999,-0.0071974277877808746,0.0071974277877808746,5.180296676032029e-05,↓,↓,1,12.0,1.0742099999999999,90.20173
1.079134225845337,1.079134225845337,1.0,2023-12-05,2025-11-07,1.07678,-0.0023542258453368436,0.0023542258453368436,5.542379330851976e-06,↑,↓,1,12.0,1.07678,91.27851
1.0782041549682617,1.0782041549682617,1.0,2023-12-05,2025-11-07,1.0836,0.005395845031738178,0.005395845031738178,2.9115143606533578e-05,↑,↓,1,12.0,1.0836,92.36211
1.080094575881958,1.080094575881958,1.0,2023-12-05,2025-11-07,1.08373,0.0036354241180420743,0.0036354241180420743,1.3216308518041994e-05,↑,↑,1,12.0,1.08373,93.44584
1.0822149515151978,1.0822149515151978,1.0,2023-12-05,2025-11-07,1.08367,0.0014550484848021572,0.0014550484848021572,2.1171660931250534e-06,↓,↑,1,12.0,1.08367,94.52951
1.0840054750442505,1.0840054750442505,1.0,2023-12-05,2025-11-07,1.08585,0.0018445249557494936,0.0018445249557494936,3.4022723123826712e-06,↑,↑,1,12.0,1.08585,95.61536
1.0859743356704712,1.0859743356704712,1.0,2023-12-05,2025-11-07,1.08568,-0.000294335670471213,0.000294335670471213,8.663348691173849e-08,↓,↑,1,12.0,1.08568,96.70103999999999
1.0872690677642822,1.0872690677642822,1.0,2023-12-05,2025-11-07,1.07412,-0.013149067764282263,0.013149067764282263,0.00017289798306968694,↓,↑,1,12.0,1.07412,97.77515999999999
1.084147572517395,1.084147572517395,1.0,2023-12-05,2025-11-07,1.07254,-0.01160757251739497,0.01160757251739497,0.000134735739746583,↓,↓,1,12.0,1.07254,98.84769999999999
1.0803147554397585,1.0803147554397585,1.0,2023-12-05,2025-11-07,1.06409,-0.016224755439758543,0.016224755439758543,0.0002632426890799744,↓,↓,1,12.0,1.06409,99.91178999999998
1.0742595195770264,1.0742595195770264,1.0,2023-12-05,2025-11-07,1.0622,-0.012059519577026334,0.012059519577026334,0.0001454320124286814,↓,↓,1,12.0,1.0622,100.97398999999999
1.0687849521636963,1.0687849521636963,1.0,2023-12-05,2025-11-07,1.06178,-0.007004952163696343,0.007004952163696343,4.9069354815674076e-05,↓,↓,1,12.0,1.06178,102.03576999999999
1.0648993253707886,1.0648993253707886,1.0,2023-12-05,2025-11-07,1.06729,0.0023906746292114978,0.0023906746292114978,5.7153251827555324e-06,↑,↓,1,12.0,1.06729,103.10305999999999
1.0646281242370605,1.0646281242370605,1.0,2023-12-05,2025-11-07,1.06411,-0.0005181242370606576,0.0005181242370606576,2.684527250296885e-07,↓,↓,1,12.0,1.06411,104.16716999999998
1.0645089149475098,1.0645089149475098,1.0,2023-12-05,2025-11-07,1.06567,0.0011610850524901295,0.0011610850524901295,1.3481184991160068e-06,↑,↓,1,12.0,1.06567,105.23283999999998
1.0654833316802979,1.0654833316802979,1.0,2023-12-05,2025-11-07,1.06539,-9.333168029779237e-05,9.333168029779237e-05,8.710802547209326e-09,↓,↑,1,12.0,1.06539,106.29822999999998
1.0664918422698975,1.0664918422698975,1.0,2023-12-05,2025-11-07,1.0702099999999999,0.0037181577301024227,0.0037181577301024227,1.38246969059204e-05,↑,↑,1,12.0,1.0702099999999999,107.36843999999998
1.0689659118652344,1.0689659118652344,1.0,2023-12-05,2025-11-07,1.06982,0.0008540881347656182,0.0008540881347656182,7.294665419474127e-07,↓,↑,1,12.0,1.06982,108.43825999999999
1.0700047016143799,1.0700047016143799,1.0,2023-12-05,2025-11-07,1.07297,0.0029652983856200965,0.0029652983856200965,8.79299451576115e-06,↑,↑,1,12.0,1.07297,109.51122999999998
1.072333574295044,1.072333574295044,1.0,2023-12-05,2025-11-07,1.06937,-0.0029635742950440136,0.0029635742950440136,8.782772602245623e-06,↓,↑,1,12.0,1.06937,110.58059999999999
1.0724084377288818,1.0724084377288818,1.0,2023-12-05,2025-11-07,1.07196,-0.000448437728881812,0.000448437728881812,2.010963966846775e-07,↑,↑,1,12.0,1.07196,111.65256
1.0730564594268799,1.0730564594268799,1.0,2023-12-05,2025-11-07,1.06664,-0.00641645942687985,0.00641645942687985,4.1170951576795294e-05,↓,↑,1,12.0,1.06664,112.7192
1.0712556838989258,1.0712556838989258,1.0,2023-12-05,2025-11-07,1.07168,0.0004243161010741847,0.0004243161010741847,1.8004415363079774e-07,↑,↓,1,12.0,1.07168,113.79088
1.0716243982315063,1.0716243982315063,1.0,2023-12-05,2025-11-07,1.07253,0.0009056017684936357,0.0009056017684936357,8.201145630988006e-07,↑,↑,1,12.0,1.07253,114.86341
1.0723901987075806,1.0723901987075806,1.0,2023-12-05,2025-11-07,1.07628,0.003889801292419337,0.003889801292419337,1.5130554094507145e-05,↑,↑,1,12.0,1.07628,115.93969
1.0745218992233276,1.0745218992233276,1.0,2023-12-05,2025-11-07,1.07693,0.002408100776672306,0.002408100776672306,5.798949350609764e-06,↑,↑,1,12.0,1.07693,117.01662
1.07642662525177,1.07642662525177,1.0,2023-12-05,2025-11-07,1.0754299999999999,-0.0009966252517701335,0.0009966252517701335,9.93261892465882e-07,↓,↑,1,12.0,1.0754299999999999,118.09205
1.077093482017517,1.077093482017517,1.0,2023-12-05,2025-11-07,1.07463,-0.0024634820175171157,0.0024634820175171157,6.068743650630199e-06,↓,↑,1,12.0,1.07463,119.16668
1.076965093612671,1.076965093612671,1.0,2023-12-05,2025-11-07,1.07818,0.0012149063873290178,0.0012149063873290178,1.4759975299728455e-06,↑,↓,1,12.0,1.07818,120.24486
1.0780210494995117,1.0780210494995117,1.0,2023-12-05,2025-11-07,1.07692,-0.0011010494995116193,0.0011010494995116193,1.2123100003747874e-06,↓,↑,1,12.0,1.07692,121.32178
1.0782828330993652,1.0782828330993652,1.0,2023-12-05,2025-11-07,1.07894,0.0006571669006347758,0.0006571669006347758,4.3186833528991726e-07,↑,↑,1,12.0,1.07894,122.40072
1.0791294574737549,1.0791294574737549,1.0,2023-12-05,2025-11-07,1.0819,0.002770542526245201,0.002770542526245201,7.675905889733141e-06,↑,↑,1,12.0,1.0819,123.48262000000001
1.0808790922164917,1.0808790922164917,1.0,2023-12-05,2025-11-07,1.08834,0.007460907783508386,0.007460907783508386,5.566514495401602e-05,↑,↑,1,12.0,1.08834,124.57096000000001
1.0846976041793823,1.0846976041793823,1.0,2023-12-05,2025-11-07,1.08666,0.001962395820617635,0.001962395820617635,3.850997356777561e-06,↓,↑,1,12.0,1.08666,125.65762000000001
1.0868741273880005,1.0868741273880005,1.0,2023-12-05,2025-11-07,1.08696,8.587261199943796e-05,8.587261199943796e-05,7.374105491606017e-09,↑,↑,1,12.0,1.08696,126.74458000000001
1.088205099105835,1.088205099105835,1.0,2023-12-05,2025-11-07,1.08569,-0.002515099105834917,0.002515099105834917,6.3257235121715996e-06,↓,↑,1,12.0,1.08569,127.83027000000001
1.0882737636566162,1.0882737636566162,1.0,2023-12-05,2025-11-07,1.08534,-0.0029337636566162395,0.0029337636566162395,8.606969192882288e-06,↓,↑,1,12.0,1.08534,128.91561000000002
1.0877918004989624,1.0877918004989624,1.0,2023-12-05,2025-11-07,1.08215,-0.005641800498962457,0.005641800498962457,3.182991287009303e-05,↓,↓,1,12.0,1.08215,129.99776000000003
1.085339069366455,1.085339069366455,1.0,2023-12-05,2025-11-07,1.08138,-0.00395906936645507,0.00395906936645507,1.567423024840295e-05,↓,↓,1,12.0,1.08138,131.07914000000002
1.0834441184997559,1.0834441184997559,1.0,2023-12-05,2025-11-07,1.08456,0.0011158815002441091,0.0011158815002441091,1.2451915225870437e-06,↑,↓,1,12.0,1.08456,132.16370000000003
1.0833333730697632,1.0833333730697632,1.0,2023-12-05,2025-11-07,1.08587,0.0025366269302367073,0.0025366269302367073,6.434476183202101e-06,↑,↓,1,12.0,1.08587,133.24957000000003
1.0841354131698608,1.0841354131698608,1.0,2023-12-05,2025-11-07,1.08559,0.001454586830139215,0.001454586830139215,2.1158228464144496e-06,↓,↑,1,12.0,1.08559,134.33516000000003
1.0848935842514038,1.0848935842514038,1.0,2023-12-05,2025-11-07,1.08003,-0.004863584251403763,0.004863584251403763,2.3654451770502702e-05,↓,↑,1,12.0,1.08003,135.41519000000002
1.083342432975769,1.083342432975769,1.0,2023-12-05,2025-11-07,1.08317,-0.0001724329757690768,0.0001724329757690768,2.9733131132579024e-08,↑,↓,1,12.0,1.08317,136.49836000000002
1.0831185579299927,1.0831185579299927,1.0,2023-12-05,2025-11-07,1.08489,0.0017714420700072342,0.0017714420700072342,3.1380070073915147e-06,↑,↓,1,12.0,1.08489,137.58325000000002
1.0837559700012207,1.0837559700012207,1.0,2023-12-05,2025-11-07,1.0902,0.006444029998779355,0.006444029998779355,4.152552262516825e-05,↑,↑,1,12.0,1.0902,138.67345000000003
1.0864577293395996,1.0864577293395996,1.0,2023-12-05,2025-11-07,1.08781,0.0013522706604003343,0.0013522706604003343,1.8286359389795562e-06,↓,↑,1,12.0,1.08781,139.76126000000002
1.087781548500061,1.087781548500061,1.0,2023-12-05,2025-11-07,1.08687,-0.0009115485000610324,0.0009115485000610324,8.309206679635179e-07,↓,↑,1,12.0,1.08687,140.84813000000003
1.0881497859954832,1.0881497859954832,1.0,2023-12-05,2025-11-07,1.08891,0.0007602140045168682,0.0007602140045168682,5.779253326635728e-07,↑,↑,1,12.0,1.08891,141.93704000000002
1.0888917446136475,1.0888917446136475,1.0,2023-12-05,2025-11-07,1.08014,-0.008751744613647361,0.008751744613647361,7.659303378250559e-05,↓,↑,1,12.0,1.08014,143.01718000000002
1.085920810699463,1.085920810699463,1.0,2023-12-05,2025-11-07,1.07644,-0.009480810699462827,0.009480810699462827,8.988577151904883e-05,↓,↓,1,12.0,1.07644,144.09362000000002
1.08174467086792,1.08174467086792,1.0,2023-12-05,2025-11-07,1.07396,-0.007784670867919896,0.007784670867919896,6.060110052184071e-05,↓,↓,1,12.0,1.07396,145.16758000000002
1.0775421857833862,1.0775421857833862,1.0,2023-12-05,2025-11-07,1.0809,0.0033578142166137415,0.0033578142166137415,1.1274916313293355e-05,↑,↓,1,12.0,1.0809,146.24848000000003
1.0774333477020264,1.0774333477020264,1.0,2023-12-05,2025-11-07,1.07383,-0.003603347702026305,0.003603347702026305,1.2984114661698252e-05,↓,↓,1,12.0,1.07383,147.32231000000002
1.0754865407943726,1.0754865407943726,1.0,2023-12-05,2025-11-07,1.07052,-0.0049665407943726425,0.0049665407943726425,2.466652746216764e-05,↓,↓,1,12.0,1.07052,148.39283
1.0729385614395142,1.0729385614395142,1.0,2023-12-05,2025-11-07,1.07335,0.00041143856048586613,0.00041143856048586613,1.6928168905468172e-07,↑,↓,1,12.0,1.07335,149.46618
1.072334885597229,1.072334885597229,1.0,2023-12-05,2025-11-07,1.07387,0.0015351144027710983,0.0015351144027710983,2.356576229595266e-06,↑,↓,1,12.0,1.07387,150.54005
1.0725651979446411,1.0725651979446411,1.0,2023-12-05,2025-11-07,1.07437,0.001804802055358934,0.001804802055358934,3.2573104590278323e-06,↑,↑,1,12.0,1.07437,151.61442
1.0725282430648804,1.0725282430648804,1.0,2023-12-05,2025-11-07,1.07018,-0.002348243064880462,0.002348243064880462,5.514245491759186e-06,↓,↓,1,12.0,1.07018,152.6846
1.071976900100708,1.071976900100708,1.0,2023-12-05,2025-11-07,1.06923,-0.002746900100708105,0.002746900100708105,7.545460163270198e-06,↓,↓,1,12.0,1.06923,153.75383
1.071008324623108,1.071008324623108,1.0,2023-12-05,2025-11-07,1.07344,0.0024316753768920396,0.0024316753768920396,5.913045138583043e-06,↑,↓,1,12.0,1.07344,154.82727
1.0713685750961304,1.0713685750961304,1.0,2023-12-05,2025-11-07,1.07128,-8.857509613036108e-05,8.857509613036108e-05,7.845547654502705e-09,↓,↑,1,12.0,1.07128,155.89855
1.0713496208190918,1.0713496208190918,1.0,2023-12-05,2025-11-07,1.06788,-0.0034696208190918565,0.0034696208190918565,1.2038268628275645e-05,↓,↓,1,12.0,1.06788,156.96643
1.0702856779098513,1.0702856779098513,1.0,2023-12-05,2025-11-07,1.07028,-5.677909851398155e-06,5.677909851398155e-06,3.223866028060422e-11,↑,↓,1,12.0,1.07028,158.03671
1.0699050426483154,1.0699050426483154,1.0,2023-12-05,2025-11-07,1.07125,0.0013449573516846058,0.0013449573516846058,1.8089102778504686e-06,↑,↓,1,12.0,1.07125,159.10796
1.0700628757476807,1.0700628757476807,1.0,2023-12-05,2025-11-07,1.07393,0.003867124252319387,0.003867124252319387,1.495464998287678e-05,↑,↑,1,12.0,1.07393,160.18188999999998
1.0711936950683594,1.0711936950683594,1.0,2023-12-05,2025-11-07,1.07452,0.0033263049316405446,0.0033263049316405446,1.1064304498256209e-05,↑,↑,1,12.0,1.07452,161.25641
1.072540283203125,1.072540283203125,1.0,2023-12-05,2025-11-07,1.0788,0.006259716796874981,0.006259716796874981,3.918405437707878e-05,↑,↑,1,12.0,1.0788,162.33521
1.074933648109436,1.074933648109436,1.0,2023-12-05,2025-11-07,1.0811,0.006166351890563915,0.006166351890563915,3.8023895638261166e-05,↑,↑,1,12.0,1.0811,163.41630999999998
1.0776774883270264,1.0776774883270264,1.0,2023-12-05,2025-11-07,1.08388,0.006202511672973587,0.006202511672973587,3.847115105337361e-05,↑,↑,1,12.0,1.08388,164.50018999999998
1.0806334018707275,1.0806334018707275,1.0,2023-12-05,2025-11-07,1.0823,0.0016665981292725007,0.0016665981292725007,2.777549324494599e-06,↓,↑,1,12.0,1.0823,165.58248999999998
1.0823446512222288,1.0823446512222288,1.0,2023-12-05,2025-11-07,1.0814300000000001,-0.0009146512222286685,0.0009146512222286685,8.36586858324397e-07,↓,↑,1,12.0,1.0814300000000001,166.66392
1.0828850269317627,1.0828850269317627,1.0,2023-12-05,2025-11-07,1.08287,-1.5026931762696094e-05,1.5026931762696094e-05,2.2580867820072475e-10,↑,↑,1,12.0,1.08287,167.74679
1.0831741094589233,1.0831741094589233,1.0,2023-12-05,2025-11-07,1.08668,0.0035058905410767505,0.0035058905410767505,1.229126848601143e-05,↑,↑,1,12.0,1.08668,168.83347
1.0842740535736084,1.0842740535736084,1.0,2023-12-05,2025-11-07,1.09044,0.0061659464263916774,0.0061659464263916774,3.80188953331323e-05,↑,↑,1,12.0,1.09044,169.92391
1.0863710641860962,1.0863710641860962,1.0,2023-12-05,2025-11-07,1.08947,0.003098935813903747,0.003098935813903747,9.60340317869528e-06,↓,↑,1,12.0,1.08947,171.01338
1.087955117225647,1.087955117225647,1.0,2023-12-05,2025-11-07,1.08983,0.0018748827743531038,0.0018748827743531038,3.5151854175659914e-06,↑,↑,1,12.0,1.08983,172.10321000000002
1.0891140699386597,1.0891140699386597,1.0,2023-12-05,2025-11-07,1.09391,0.00479593006134027,0.00479593006134027,2.3000945153267286e-05,↑,↑,1,12.0,1.09391,173.19712
1.0924283266067505,1.0924283266067505,1.0,2023-12-05,2025-11-07,1.08951,-0.00291832660675051,0.00291832660675051,8.516630183667945e-06,↓,↑,1,12.0,1.08951,174.28663
1.0923837423324585,1.0923837423324585,1.0,2023-12-05,2025-11-07,1.08813,-0.0042537423324584545,0.0042537423324584545,1.8094323830949093e-05,↓,↓,1,12.0,1.08813,175.37476
1.0913430452346802,1.0913430452346802,1.0,2023-12-05,2025-11-07,1.08901,-0.0023330452346801422,0.0023330452346801422,5.44310006706372e-06,↑,↓,1,12.0,1.08901,176.46377
1.09048593044281,1.09048593044281,1.0,2023-12-05,2025-11-07,1.0855299999999999,-0.004955930442810175,0.004955930442810175,2.4561246553972653e-05,↓,↓,1,12.0,1.0855299999999999,177.54930000000002
1.0886553525924683,1.0886553525924683,1.0,2023-12-05,2025-11-07,1.08385,-0.004805352592468282,0.004805352592468282,2.3091413537941635e-05,↓,↓,1,12.0,1.08385,178.63315000000003
1.0865752696990967,1.0865752696990967,1.0,2023-12-05,2025-11-07,1.08449,-0.0020852696990967257,0.0020852696990967257,4.348349717970949e-06,↑,↓,1,12.0,1.08449,179.71764000000002
1.0852748155593872,1.0852748155593872,1.0,2023-12-05,2025-11-07,1.08548,0.0002051844406127934,0.0002051844406127934,4.210065466958494e-08,↑,↓,1,12.0,1.08548,180.80312
1.0849668979644775,1.0849668979644775,1.0,2023-12-05,2025-11-07,1.08213,-0.0028368979644775028,0.0028368979644775028,8.047990060856599e-06,↓,↓,1,12.0,1.08213,181.88525
1.0839849710464478,1.0839849710464478,1.0,2023-12-05,2025-11-07,1.08141,-0.0025749710464477715,0.0025749710464477715,6.630475890044332e-06,↓,↓,1,12.0,1.08141,182.96666000000002
1.0830059051513672,1.0830059051513672,1.0,2023-12-05,2025-11-07,1.08258,-0.00042590515136708973,0.00042590515136708973,1.8139519796102361e-07,↑,↓,1,12.0,1.08258,184.04924000000003
1.0827363729476929,1.0827363729476929,1.0,2023-12-05,2025-11-07,1.07891,-0.0038263729476928354,0.0038263729476928354,1.4641129934835558e-05,↓,↓,1,12.0,1.07891,185.12815000000003
1.0814939737319946,1.0814939737319946,1.0,2023-12-05,2025-11-07,1.09103,0.009536026268005315,0.009536026268005315,9.093579698408738e-05,↑,↓,1,12.0,1.09103,186.21918000000002
1.0846362113952637,1.0846362113952637,1.0,2023-12-05,2025-11-07,1.09495,0.010313788604736418,0.010313788604736418,0.00010637423538319078,↑,↑,1,12.0,1.09495,187.31413000000003
1.089254379272461,1.089254379272461,1.0,2023-12-05,2025-11-07,1.09276,0.003505620727539016,0.003505620727539016,1.228937668535118e-05,↓,↑,1,12.0,1.09276,188.40689000000003
1.0923339128494263,1.0923339128494263,1.0,2023-12-05,2025-11-07,1.09212,-0.00021391284942628985,0.00021391284942628985,4.5758707149674555e-08,↓,↑,1,12.0,1.09212,189.49901000000003
1.0939013957977295,1.0939013957977295,1.0,2023-12-05,2025-11-07,1.09178,-0.0021213957977295195,0.0021213957977295195,4.500320130624464e-06,↓,↑,1,12.0,1.09178,190.59079000000003
1.094258189201355,1.094258189201355,1.0,2023-12-05,2025-11-07,1.0915300000000001,-0.002728189201354869,0.002728189201354869,7.443016318389319e-06,↓,↑,1,12.0,1.0915300000000001,191.68232000000003
1.0938583612442017,1.0938583612442017,1.0,2023-12-05,2025-11-07,1.093,-0.0008583612442016886,0.0008583612442016886,7.367840255474709e-07,↑,↓,1,12.0,1.093,192.77532000000002
1.093700885772705,1.093700885772705,1.0,2023-12-05,2025-11-07,1.09933,0.00562911422729484,0.00562911422729484,3.1686926983933185e-05,↑,↓,1,12.0,1.09933,193.87465000000003
1.0957103967666626,1.0957103967666626,1.0,2023-12-05,2025-11-07,1.10118,0.00546960323333745,0.00546960323333745,2.9916559530135488e-05,↑,↑,1,12.0,1.10118,194.97583000000003
1.0981767177581787,1.0981767177581787,1.0,2023-12-05,2025-11-07,1.09707,-0.0011067177581787213,0.0011067177581787213,1.2248241962681346e-06,↓,↑,1,12.0,1.09707,196.07290000000003
1.09867525100708,1.09867525100708,1.0,2023-12-05,2025-11-07,1.10264,0.003964748992919986,0.003964748992919986,1.5719234576860045e-05,↑,↑,1,12.0,1.10264,197.17554000000004
1.1006666421890259,1.1006666421890259,1.0,2023-12-05,2025-11-07,1.10844,0.007773357810974213,0.007773357810974213,6.042509165743381e-05,↑,↑,1,12.0,1.10844,198.28398000000004
1.1042941808700562,1.1042941808700562,1.0,2023-12-05,2025-11-07,1.11286,0.008565819129943808,0.008565819129943808,7.33732573669113e-05,↑,↑,1,12.0,1.11286,199.39684000000005
1.1086920499801636,1.1086920499801636,1.0,2023-12-05,2025-11-07,1.11506,0.006367950019836366,0.006367950019836366,4.055078745513397e-05,↑,↑,1,12.0,1.11506,200.51190000000005
1.1126158237457275,1.1126158237457275,1.0,2023-12-05,2025-11-07,1.11107,-0.001545823745727537,0.001545823745727537,2.3895710528551128e-06,↓,↑,1,12.0,1.11107,201.62297000000007
1.1135838031768799,1.1135838031768799,1.0,2023-12-05,2025-11-07,1.11928,0.00569619682312017,0.00569619682312017,3.2446658247724314e-05,↑,↑,1,12.0,1.11928,202.74225000000007
1.1164703369140625,1.1164703369140625,1.0,2023-12-05,2025-11-07,1.11606,-0.000410336914062448,0.000410336914062448,1.6837638304229282e-07,↓,↑,1,12.0,1.11606,203.85831000000007
1.1172882318496704,1.1172882318496704,1.0,2023-12-05,2025-11-07,1.11841,0.001121768150329494,0.001121768150329494,1.2583637830936544e-06,↑,↑,1,12.0,1.11841,204.97672000000009
1.11821711063385,1.11821711063385,1.0,2023-12-05,2025-11-07,1.11191,-0.006307110633850144,0.006307110633850144,3.977964454762556e-05,↓,↑,1,12.0,1.11191,206.08863000000008
1.1162776947021484,1.1162776947021484,1.0,2023-12-05,2025-11-07,1.10777,-0.008507694702148516,0.008507694702148516,7.238086914496593e-05,↓,↓,1,12.0,1.10777,207.19640000000007
1.1127314567565918,1.1127314567565918,1.0,2023-12-05,2025-11-07,1.10479,-0.007941456756591858,0.007941456756591858,6.306673541681848e-05,↓,↓,1,12.0,1.10479,208.30119000000008
1.1086677312850952,1.1086677312850952,1.0,2023-12-05,2025-11-07,1.10712,-0.0015477312850951108,0.0015477312850951108,2.395472130862163e-06,↑,↓,1,12.0,1.10712,209.40831000000009
1.1065866947174072,1.1065866947174072,1.0,2023-12-05,2025-11-07,1.10438,-0.0022066947174073093,0.0022066947174073093,4.869501575833325e-06,↓,↓,1,12.0,1.10438,210.51269000000008
1.1046643257141113,1.1046643257141113,1.0,2023-12-05,2025-11-07,1.10815,0.0034856742858886403,0.0034856742858886403,1.2149925227305283e-05,↑,↓,1,12.0,1.10815,211.62084000000007
1.1050982475280762,1.1050982475280762,1.0,2023-12-05,2025-11-07,1.11106,0.005961752471923765,0.005961752471923765,3.554249253648912e-05,↑,↑,1,12.0,1.11106,212.73190000000008
1.1071619987487793,1.1071619987487793,1.0,2023-12-05,2025-11-07,1.10857,0.0014080012512207585,0.0014080012512207585,1.9824675234392214e-06,↓,↑,1,12.0,1.10857,213.84047000000007
1.1082017421722412,1.1082017421722412,1.0,2023-12-05,2025-11-07,1.10345,-0.004751742172241169,0.004751742172241169,2.2579053671455225e-05,↓,↑,1,12.0,1.10345,214.94392000000008
1.1069120168685913,1.1069120168685913,1.0,2023-12-05,2025-11-07,1.10183,-0.0050820168685912215,0.0050820168685912215,2.5826895452645725e-05,↓,↓,1,12.0,1.10183,216.04575000000008
1.104862928390503,1.104862928390503,1.0,2023-12-05,2025-11-07,1.1013600000000001,-0.003502928390502813,0.003502928390502813,1.2270507308990627e-05,↓,↓,1,12.0,1.1013600000000001,217.14711000000008
1.10338294506073,1.10338294506073,1.0,2023-12-05,2025-11-07,1.10726,0.0038770549392699305,0.0038770549392699305,1.5031555002117364e-05,↑,↓,1,12.0,1.10726,218.25437000000008
1.1040886640548706,1.1040886640548706,1.0,2023-12-05,2025-11-07,1.1074,0.0033113359451293345,0.0033113359451293345,1.0964945741505583e-05,↑,↑,1,12.0,1.1074,219.3617700000001
1.105323076248169,1.105323076248169,1.0,2023-12-05,2025-11-07,1.11325,0.007926923751831128,0.007926923751831128,6.283612016734448e-05,↑,↑,1,12.0,1.11325,220.4750200000001
1.1085779666900635,1.1085779666900635,1.0,2023-12-05,2025-11-07,1.11125,0.0026720333099365945,0.0026720333099365945,7.139762009410713e-06,↓,↑,1,12.0,1.11125,221.5862700000001
1.1106557846069336,1.1106557846069336,1.0,2023-12-05,2025-11-07,1.11172,0.0010642153930664477,0.0010642153930664477,1.132554402839574e-06,↑,↑,1,12.0,1.11172,222.6979900000001
1.1120331287384033,1.1120331287384033,1.0,2023-12-05,2025-11-07,1.1161699999999999,0.004136871261596564,0.004136871261596564,1.7113703835023548e-05,↑,↑,1,12.0,1.1161699999999999,223.8141600000001
1.1142164468765259,1.1142164468765259,1.0,2023-12-05,2025-11-07,1.11625,0.0020335531234740856,0.0020335531234740856,4.135338305991209e-06,↑,↑,1,12.0,1.11625,224.9304100000001
1.11580491065979,1.11580491065979,1.0,2023-12-05,2025-11-07,1.11112,-0.0046849106597899315,0.0046849106597899315,2.194838789021333e-05,↓,↑,1,12.0,1.11112,226.0415300000001
1.114924430847168,1.114924430847168,1.0,2023-12-05,2025-11-07,1.11798,0.003055569152832005,0.003055569152832005,9.336502847738497e-06,↑,↓,1,12.0,1.11798,227.1595100000001
1.115978479385376,1.115978479385376,1.0,2023-12-05,2025-11-07,1.11313,-0.0028484793853760237,0.0028484793853760237,8.11383480891217e-06,↓,↑,1,12.0,1.11313,228.2726400000001
1.115307331085205,1.115307331085205,1.0,2023-12-05,2025-11-07,1.11746,0.0021526689147948197,0.0021526689147948197,4.633983456723907e-06,↑,↓,1,12.0,1.11746,229.3901000000001
1.115994930267334,1.115994930267334,1.0,2023-12-05,2025-11-07,1.11588,-0.00011493026733400136,0.00011493026733400136,1.3208966349465019e-08,↓,↑,1,12.0,1.11588,230.5059800000001
1.116179347038269,1.116179347038269,1.0,2023-12-05,2025-11-07,1.11346,-0.0027193470382691487,0.0027193470382691487,7.394848314543191e-06,↓,↑,1,12.0,1.11346,231.6194400000001
1.1154083013534546,1.1154083013534546,1.0,2023-12-05,2025-11-07,1.10683,-0.00857830135345461,0.00857830135345461,7.358725411068119e-05,↓,↓,1,12.0,1.10683,232.7262700000001
1.1122783422470093,1.1122783422470093,1.0,2023-12-05,2025-11-07,1.10474,-0.007538342247009222,0.007538342247009222,5.6826603833044046e-05,↓,↓,1,12.0,1.10474,233.8310100000001
1.108712911605835,1.108712911605835,1.0,2023-12-05,2025-11-07,1.10279,-0.005922911605835024,0.005922911605835024,3.5080881890535224e-05,↓,↓,1,12.0,1.10279,234.9338000000001
1.105344533920288,1.105344533920288,1.0,2023-12-05,2025-11-07,1.09752,-0.007824533920288035,0.007824533920288035,6.122333106973804e-05,↓,↓,1,12.0,1.09752,236.0313200000001
1.1012418270111084,1.1012418270111084,1.0,2023-12-05,2025-11-07,1.09737,-0.003871827011108442,0.003871827011108442,1.499104440394893e-05,↓,↓,1,12.0,1.09737,237.12869000000012
1.098366141319275,1.098366141319275,1.0,2023-12-05,2025-11-07,1.09796,-0.0004061413192748553,0.0004061413192748553,1.6495077122231997e-07,↑,↓,1,12.0,1.09796,238.22665000000012
1.0970596075057983,1.0970596075057983,1.0,2023-12-05,2025-11-07,1.09396,-0.0030996075057982964,0.0030996075057982964,9.607566690001136e-06,↓,↓,1,12.0,1.09396,239.32061000000013
1.0956580638885498,1.0956580638885498,1.0,2023-12-05,2025-11-07,1.09359,-0.0020680638885497427,0.0020680638885497427,4.276888247123482e-06,↓,↓,1,12.0,1.09359,240.41420000000014
1.0945580005645752,1.0945580005645752,1.0,2023-12-05,2025-11-07,1.09348,-0.0010780005645751878,0.0010780005645751878,1.1620852172244236e-06,↓,↓,1,12.0,1.09348,241.50768000000014
1.0940271615982056,1.0940271615982056,1.0,2023-12-05,2025-11-07,1.09078,-0.0032471615982054836,0.0032471615982054836,1.054405844486039e-05,↓,↓,1,12.0,1.09078,242.59846000000013
1.092924952507019,1.092924952507019,1.0,2023-12-05,2025-11-07,1.08913,-0.0037949525070191115,0.0037949525070191115,1.440166453053064e-05,↓,↓,1,12.0,1.08913,243.68759000000014
1.0915603637695312,1.0915603637695312,1.0,2023-12-05,2025-11-07,1.08616,-0.005400363769531236,0.005400363769531236,2.9163928843265616e-05,↓,↓,1,12.0,1.08616,244.77375000000015
1.0895034074783325,1.0895034074783325,1.0,2023-12-05,2025-11-07,1.083,-0.006503407478332557,0.006503407478332557,4.2294308829231826e-05,↓,↓,1,12.0,1.083,245.85675000000015
1.0868250131607056,1.0868250131607056,1.0,2023-12-05,2025-11-07,1.08671,-0.0001150131607055016,0.0001150131607055016,1.322802713546954e-08,↑,↓,1,12.0,1.08671,246.94346000000016
1.0862864255905151,1.0862864255905151,1.0,2023-12-05,2025-11-07,1.0812599999999999,-0.005026425590515249,0.005026425590515249,2.526495421698657e-05,↓,↓,1,12.0,1.0812599999999999,248.02472000000014
1.0843896865844727,1.0843896865844727,1.0,2023-12-05,2025-11-07,1.07977,-0.00461968658447276,0.00461968658447276,2.1341504138757593e-05,↓,↓,1,12.0,1.07977,249.10449000000014
1.0825128555297852,1.0825128555297852,1.0,2023-12-05,2025-11-07,1.07834,-0.00417285552978508,0.00417285552978508,1.7412723272457922e-05,↓,↓,1,12.0,1.07834,250.18283000000014
1.080755352973938,1.080755352973938,1.0,2023-12-05,2025-11-07,1.08277,0.002014647026062022,0.002014647026062022,4.058802639620549e-06,↑,↓,1,12.0,1.08277,251.26560000000015
1.0813337564468384,1.0813337564468384,1.0,2023-12-05,2025-11-07,1.07942,-0.0019137564468383328,0.0019137564468383328,3.6624637378152804e-06,↓,↑,1,12.0,1.07942,252.34502000000015
1.0810452699661255,1.0810452699661255,1.0,2023-12-05,2025-11-07,1.08132,0.0002747300338745706,0.0002747300338745706,7.547659151272272e-08,↑,↓,1,12.0,1.08132,253.42634000000015
1.0815986394882202,1.0815986394882202,1.0,2023-12-05,2025-11-07,1.0814300000000001,-0.00016863948822010144,0.00016863948822010144,2.843927698713773e-08,↑,↑,1,12.0,1.0814300000000001,254.50777000000016
1.0821783542633054,1.0821783542633054,1.0,2023-12-05,2025-11-07,1.08551,0.003331645736694533,0.003331645736694533,1.1099863314834858e-05,↑,↑,1,12.0,1.08551,255.59328000000016
1.0841251611709595,1.0841251611709595,1.0,2023-12-05,2025-11-07,1.08813,0.004004838829040569,0.004004838829040569,1.6038734046591036e-05,↑,↑,1,12.0,1.08813,256.68141000000014
1.0866553783416748,1.0866553783416748,1.0,2023-12-05,2025-11-07,1.08312,-0.003535378341674722,0.003535378341674722,1.2498900018782706e-05,↓,↑,1,12.0,1.08312,257.76453000000015
1.0866504907608032,1.0866504907608032,1.0,2023-12-05,2025-11-07,1.08768,0.0010295092391967575,0.0010295092391967575,1.0598892735914864e-06,↑,↓,1,12.0,1.08768,258.8522100000001
1.0877751111984253,1.0877751111984253,1.0,2023-12-05,2025-11-07,1.09284,0.005064888801574741,0.005064888801574741,2.5653098572317213e-05,↑,↑,1,12.0,1.09284,259.94505000000015
1.0904114246368408,1.0904114246368408,1.0,2023-12-05,2025-11-07,1.07286,-0.017551424636840895,0.017551424636840895,0.00030805250678270555,↓,↑,1,12.0,1.07286,261.01791000000014
1.0846357345581055,1.0846357345581055,1.0,2023-12-05,2025-11-07,1.08017,-0.004465734558105394,0.004465734558105394,1.994278514345678e-05,↑,↓,1,12.0,1.08017,262.09808000000015
1.0820673704147339,1.0820673704147339,1.0,2023-12-05,2025-11-07,1.07174,-0.010327370414733972,0.010327370414733972,0.00010665457968312253,↓,↓,1,12.0,1.07174,263.16982000000013
1.077393889427185,1.077393889427185,1.0,2023-12-05,2025-11-07,1.06555,-0.011843889427185061,0.011843889427185061,0.00014027771676338607,↓,↓,1,12.0,1.06555,264.2353700000001
1.0715616941452026,1.0715616941452026,1.0,2023-12-05,2025-11-07,1.06239,-0.009171694145202691,0.009171694145202691,8.411997349314532e-05,↓,↓,1,12.0,1.06239,265.2977600000001
1.0661158561706543,1.0661158561706543,1.0,2023-12-05,2025-11-07,1.05635,-0.009765856170654397,0.009765856170654397,9.537194674590856e-05,↓,↓,1,12.0,1.05635,266.3541100000001
1.0604437589645386,1.0604437589645386,1.0,2023-12-05,2025-11-07,1.05286,-0.007583758964538667,0.007583758964538667,5.7513400032220595e-05,↓,↓,1,12.0,1.05286,267.4069700000001
1.0555148124694824,1.0555148124694824,1.0,2023-12-05,2025-11-07,1.05332,-0.002194812469482388,0.002194812469482388,4.817201776195377e-06,↑,↓,1,12.0,1.05332,268.4602900000001
1.0527371168136597,1.0527371168136597,1.0,2023-12-05,2025-11-07,1.05988,0.007142883186340265,0.007142883186340265,5.102078021370246e-05,↑,↓,1,12.0,1.05988,269.5201700000001
1.0539751052856445,1.0539751052856445,1.0,2023-12-05,2025-11-07,1.05955,0.005574894714355461,0.005574894714355461,3.107945107614845e-05,↓,↑,1,12.0,1.05955,270.5797200000001
1.0560574531555176,1.0560574531555176,1.0,2023-12-05,2025-11-07,1.05428,-0.0017774531555174722,0.0017774531555174722,3.159339720059019e-06,↓,↑,1,12.0,1.05428,271.6340000000001
1.0562374591827393,1.0562374591827393,1.0,2023-12-05,2025-11-07,1.0472,-0.009037459182739349,0.009037459182739349,8.167566847967978e-05,↓,↑,1,12.0,1.0472,272.6812000000001
1.053531289100647,1.053531289100647,1.0,2023-12-05,2025-11-07,1.04154,-0.011991289100647062,0.011991289100647062,0.00014379101429529704,↓,↓,1,12.0,1.04154,273.7227400000001
1.0488306283950806,1.0488306283950806,1.0,2023-12-05,2025-11-07,1.04929,0.0004593716049194896,0.0004593716049194896,2.1102227140630762e-07,↑,↓,1,12.0,1.04929,274.7720300000001
1.0476171970367432,1.0476171970367432,1.0,2023-12-05,2025-11-07,1.04892,0.0013028029632569105,0.0013028029632569105,1.6972955610709868e-06,↓,↓,1,12.0,1.04892,275.8209500000001
1.0474345684051514,1.0474345684051514,1.0,2023-12-05,2025-11-07,1.05654,0.009105431594848667,0.009105431594848667,8.290888452846835e-05,↑,↓,1,12.0,1.05654,276.8774900000001
1.050491213798523,1.050491213798523,1.0,2023-12-05,2025-11-07,1.05547,0.004978786201476959,0.004978786201476959,2.4788312040017368e-05,↓,↑,1,12.0,1.05547,277.9329600000001
1.0531737804412842,1.0531737804412842,1.0,2023-12-05,2025-11-07,1.0576,0.004426219558715916,0.004426219558715916,1.9591419581959318e-05,↑,↑,1,12.0,1.0576,278.9905600000001
1.0558576583862305,1.0558576583862305,1.0,2023-12-05,2025-11-07,1.04986,-0.005997658386230453,0.005997658386230453,3.597190611792049e-05,↓,↑,1,12.0,1.04986,280.0404200000001
1.0549694299697876,1.0549694299697876,1.0,2023-12-05,2025-11-07,1.05103,-0.003939429969787689,0.003939429969787689,1.551910848686143e-05,↑,↓,1,12.0,1.05103,281.0914500000001
1.053769826889038,1.053769826889038,1.0,2023-12-05,2025-11-07,1.05091,-0.002859826889038075,0.002859826889038075,8.178609835265194e-06,↓,↓,1,12.0,1.05091,282.1423600000001
1.0505832433700562,1.0505832433700562,1.0,2023-12-05,2025-11-07,1.05875,0.008166756629943928,0.008166756629943928,6.66959138527331e-05,↑,↓,1,12.0,1.05875,283.2011100000001
1.0533853769302368,1.0533853769302368,1.0,2023-12-05,2025-11-07,1.05685,0.0034646230697632507,0.0034646230697632507,1.2003613015535731e-05,↓,↑,1,12.0,1.05685,284.2579600000001
1.0548700094223022,1.0548700094223022,1.0,2023-12-05,2025-11-07,1.05535,0.0004799905776977642,0.0004799905776977642,2.303909546786334e-07,↓,↑,1,12.0,1.05535,285.31331000000006
1.055073618888855,1.055073618888855,1.0,2023-12-05,2025-11-07,1.05264,-0.0024336188888549604,0.0024336188888549604,5.922500896191652e-06,↓,↑,1,12.0,1.05264,286.36595000000005
1.0537716150283813,1.0537716150283813,1.0,2023-12-05,2025-11-07,1.04952,-0.004251615028381339,0.004251615028381339,1.8076230349558056e-05,↓,↓,1,12.0,1.04952,287.41547
1.0512917041778564,1.0512917041778564,1.0,2023-12-05,2025-11-07,1.04666,-0.0046317041778565216,0.0046317041778565216,2.1452683591173556e-05,↓,↓,1,12.0,1.04666,288.46213
1.0482782125473022,1.0482782125473022,1.0,2023-12-05,2025-11-07,1.05033,0.0020517874526977398,0.0020517874526977398,4.20983175104788e-06,↑,↓,1,12.0,1.05033,289.51246
1.0479949712753296,1.0479949712753296,1.0,2023-12-05,2025-11-07,1.05141,0.003415028724670366,0.003415028724670366,1.1662421190323705e-05,↑,↓,1,12.0,1.05141,290.56386999999995
1.0487635135650635,1.0487635135650635,1.0,2023-12-05,2025-11-07,1.04911,0.00034648643493651043,0.00034648643493651043,1.2005284959501267e-07,↓,↑,1,12.0,1.04911,291.61297999999994
1.0485434532165527,1.0485434532165527,1.0,2023-12-05,2025-11-07,1.03491,-0.013633453216552738,0.013633453216552738,0.0001858710466079322,↓,↓,1,12.0,1.03491,292.64788999999996
1.0420759916305542,1.0420759916305542,1.0,2023-12-05,2025-11-07,1.03622,-0.00585599163055428,0.00585599163055428,3.429263797712178e-05,↑,↓,1,12.0,1.03622,293.68411
1.0378719568252563,1.0378719568252563,1.0,2023-12-05,2025-11-07,1.04281,0.004938043174743667,0.004938043174743667,2.4384270395632516e-05,↑,↓,1,12.0,1.04281,294.72691999999995
1.0385030508041382,1.0385030508041382,1.0,2023-12-05,2025-11-07,1.04056,0.002056949195861746,0.002056949195861746,4.231039994356283e-06,↓,↑,1,12.0,1.04056,295.76748
1.0387541055679321,1.0387541055679321,1.0,2023-12-05,2025-11-07,1.03849,-0.00026410556793221573,0.00026410556793221573,6.975175101279822e-08,↓,↑,1,12.0,1.03849,296.80597
1.0382206439971924,1.0382206439971924,1.0,2023-12-05,2025-11-07,1.04219,0.003969356002807567,0.003969356002807567,1.5755787077024467e-05,↑,↓,1,12.0,1.04219,297.84816
1.039531946182251,1.039531946182251,1.0,2023-12-05,2025-11-07,1.04237,0.002838053817749042,0.002838053817749042,8.054549472439914e-06,↑,↑,1,12.0,1.04237,298.89053
1.0406548976898193,1.0406548976898193,1.0,2023-12-05,2025-11-07,1.04043,-0.00022489768981936997,0.00022489768981936997,5.0578970886089547e-08,↓,↑,1,12.0,1.04043,299.93096
1.0404691696166992,1.0404691696166992,1.0,2023-12-05,2025-11-07,1.0348600000000001,-0.005609169616699106,0.005609169616699106,3.146278378890039e-05,↓,↓,1,12.0,1.0348600000000001,300.96582
1.0376530885696411,1.0376530885696411,1.0,2023-12-05,2025-11-07,1.02664,-0.011013088569641116,0.011013088569641116,0.0001212881198427598,↓,↓,1,12.0,1.02664,301.99246
1.0318505764007568,1.0318505764007568,1.0,2023-12-05,2025-11-07,1.03076,-0.0010905764007569374,0.0010905764007569374,1.189356885887956e-06,↑,↓,1,12.0,1.03076,303.02322
1.0300543308258057,1.0300543308258057,1.0,2023-12-05,2025-11-07,1.03894,0.00888566917419431,0.00888566917419431,7.895511667322701e-05,↑,↓,1,12.0,1.03894,304.06216
1.0327057838439941,1.0327057838439941,1.0,2023-12-05,2025-11-07,1.03401,0.001304216156005955,0.001304216156005955,1.7009797815869497e-06,↓,↑,1,12.0,1.03401,305.09617000000003
1.033583164215088,1.033583164215088,1.0,2023-12-05,2025-11-07,1.03175,-0.0018331642150879457,0.0018331642150879457,3.360491039479004e-06,↓,↑,1,12.0,1.03175,306.12792
1.0330579280853271,1.0330579280853271,1.0,2023-12-05,2025-11-07,1.02991,-0.0031479280853270453,0.0031479280853270453,9.909451230390797e-06,↓,↓,1,12.0,1.02991,307.15783
1.031596302986145,1.031596302986145,1.0,2023-12-05,2025-11-07,1.02443,-0.007166302986145068,0.007166302986145068,5.135589848923172e-05,↓,↓,1,12.0,1.02443,308.18226
1.028061866760254,1.028061866760254,1.0,2023-12-05,2025-11-07,1.02379,-0.004271866760253928,0.004271866760253928,1.8248845617362393e-05,↓,↓,1,12.0,1.02379,309.20605
1.0251621007919312,1.0251621007919312,1.0,2023-12-05,2025-11-07,1.0307,0.005537899208068797,0.005537899208068797,3.066832763872901e-05,↑,↓,1,12.0,1.0307,310.23675000000003
1.0265100002288818,1.0265100002288818,1.0,2023-12-05,2025-11-07,1.02891,0.0023999997711181553,0.0023999997711181553,5.759998901367198e-06,↓,↑,1,12.0,1.02891,311.26566
1.0275768041610718,1.0275768041610718,1.0,2023-12-05,2025-11-07,1.03021,0.002633195838928293,0.002633195838928293,6.933720326149276e-06,↑,↑,1,12.0,1.03021,312.29587000000004
1.028944492340088,1.028944492340088,1.0,2023-12-05,2025-11-07,1.02691,-0.002034492340087901,0.002034492340087901,4.139159081876344e-06,↓,↑,1,12.0,1.02691,313.32278
1.0284229516983032,1.0284229516983032,1.0,2023-12-05,2025-11-07,1.04131,0.012887048301696735,0.012887048301696735,0.0001660760139302647,↑,↓,1,12.0,1.04131,314.36409000000003
1.0338914394378662,1.0338914394378662,1.0,2023-12-05,2025-11-07,1.04273,0.008838560562133724,0.008838560562133724,7.812015281050561e-05,↑,↑,1,12.0,1.04273,315.40682000000004
1.0389695167541504,1.0389695167541504,1.0,2023-12-05,2025-11-07,1.04097,0.0020004832458495603,0.0020004832458495603,4.001933216924792e-06,↓,↑,1,12.0,1.04097,316.44779000000005
1.041337490081787,1.041337490081787,1.0,2023-12-05,2025-11-07,1.04147,0.00013250991821278646,0.00013250991821278646,1.7558878424759358e-08,↑,↑,1,12.0,1.04147,317.48926000000006
1.042280673980713,1.042280673980713,1.0,2023-12-05,2025-11-07,1.04954,0.007259326019287027,0.007259326019287027,5.269781425429763e-05,↑,↑,1,12.0,1.04954,318.53880000000004
1.0457384586334229,1.0457384586334229,1.0,2023-12-05,2025-11-07,1.04907,0.0033315413665770954,0.0033315413665770954,1.1099167877214381e-05,↓,↑,1,12.0,1.04907,319.58787
1.0479962825775146,1.0479962825775146,1.0,2023-12-05,2025-11-07,1.04299,-0.005006282577514565,0.005006282577514565,2.5062865245925873e-05,↓,↑,1,12.0,1.04299,320.63086
1.0465223789215088,1.0465223789215088,1.0,2023-12-05,2025-11-07,1.04209,-0.004432378921508828,0.004432378921508828,1.9645982903835765e-05,↓,↓,1,12.0,1.04209,321.67294999999996
1.0442982912063599,1.0442982912063599,1.0,2023-12-05,2025-11-07,1.03919,-0.005108291206359805,0.005108291206359805,2.6094639048972913e-05,↓,↓,1,12.0,1.03919,322.71214
1.0413304567337036,1.0413304567337036,1.0,2023-12-05,2025-11-07,1.03575,-0.005580456733703665,0.005580456733703665,3.1141497356738576e-05,↓,↓,1,12.0,1.03575,323.74789
1.040981411933899,1.040981411933899,1.0,2023-12-05,2025-11-07,1.03342,-0.0075614119338989205,0.0075614119338989205,5.717495043410901e-05,↓,↓,1,12.0,1.03342,324.78130999999996
1.0378246307373047,1.0378246307373047,1.0,2023-12-05,2025-11-07,1.03799,0.00016536926269528074,0.00016536926269528074,2.734699304438077e-08,↑,↓,1,12.0,1.03799,325.81929999999994
1.0367882251739502,1.0367882251739502,1.0,2023-12-05,2025-11-07,1.03985,0.0030617748260497457,0.0030617748260497457,9.37446508543195e-06,↑,↓,1,12.0,1.03985,326.85914999999994
1.0370445251464844,1.0370445251464844,1.0,2023-12-05,2025-11-07,1.03842,0.0013754748535155237,0.0013754748535155237,1.8919310726535512e-06,↓,↑,1,12.0,1.03842,327.8975699999999
1.0372672080993652,1.0372672080993652,1.0,2023-12-05,2025-11-07,1.03254,-0.004727208099365221,0.004727208099365221,2.2346496414704145e-05,↓,↑,1,12.0,1.03254,328.9301099999999
1.0358556509017944,1.0358556509017944,1.0,2023-12-05,2025-11-07,1.03058,-0.005275650901794382,0.005275650901794382,2.7832492437603875e-05,↓,↓,1,12.0,1.03058,329.9606899999999
1.033995509147644,1.033995509147644,1.0,2023-12-05,2025-11-07,1.03601,0.0020144908523560545,0.0020144908523560545,4.058173394226223e-06,↑,↓,1,12.0,1.03601,330.99669999999986
1.0341112613677979,1.0341112613677979,1.0,2023-12-05,2025-11-07,1.03817,0.004058738632202186,0.004058738632202186,1.6473359284530468e-05,↑,↑,1,12.0,1.03817,332.03486999999984
1.0352016687393188,1.0352016687393188,1.0,2023-12-05,2025-11-07,1.04643,0.011228331260681124,0.011228331260681124,0.00012607542289958895,↑,↑,1,12.0,1.04643,333.0812999999998
1.038812518119812,1.038812518119812,1.0,2023-12-05,2025-11-07,1.04884,0.010027481880187983,0.010027481880187983,0.00010055039285749833,↑,↑,1,12.0,1.04884,334.1301399999998
1.0427742004394531,1.0427742004394531,1.0,2023-12-05,2025-11-07,1.04841,0.005635799560546939,0.005635799560546939,3.176223668666107e-05,↓,↑,1,12.0,1.04841,335.1785499999998
1.0457948446273804,1.0457948446273804,1.0,2023-12-05,2025-11-07,1.04463,-0.0011648446273804236,0.0011648446273804236,1.3568630059370379e-06,↓,↑,1,12.0,1.04463,336.2231799999998
1.046730637550354,1.046730637550354,1.0,2023-12-05,2025-11-07,1.04237,-0.004360637550353985,0.004360637550353985,1.9015159845557204e-05,↓,↑,1,12.0,1.04237,337.2655499999998
1.0462045669555664,1.0462045669555664,1.0,2023-12-05,2025-11-07,1.05004,0.003835433044433678,0.003835433044433678,1.4710546638333794e-05,↑,↓,1,12.0,1.05004,338.3155899999998
1.047560691833496,1.047560691833496,1.0,2023-12-05,2025-11-07,1.04589,-0.0016706918334961074,0.0016706918334961074,2.791211202510585e-06,↓,↑,1,12.0,1.04589,339.3614799999998
1.0474683046340942,1.0474683046340942,1.0,2023-12-05,2025-11-07,1.04666,-0.0008083046340943145,0.0008083046340943145,6.533563814983437e-07,↑,↓,1,12.0,1.04666,340.4081399999998
1.0473700761795044,1.0473700761795044,1.0,2023-12-05,2025-11-07,1.05138,0.004009923820495587,0.004009923820495587,1.6079489046177923e-05,↑,↓,1,12.0,1.05138,341.45951999999977
1.0486003160476685,1.0486003160476685,1.0,2023-12-05,2025-11-07,1.04824,-0.0003603160476683964,0.0003603160476683964,1.2982765420737413e-07,↓,↑,1,12.0,1.04824,342.5077599999998
1.048791766166687,1.048791766166687,1.0,2023-12-05,2025-11-07,1.03968,-0.009111766166687074,0.009111766166687074,8.302428267638326e-05,↓,↑,1,12.0,1.03968,343.54743999999977
1.0462442636489868,1.0462442636489868,1.0,2023-12-05,2025-11-07,1.0375,-0.008744263648986728,0.008744263648986728,7.646214676299068e-05,↓,↓,1,12.0,1.0375,344.5849399999998
1.0411698818206787,1.0411698818206787,1.0,2023-12-05,2025-11-07,1.04852,0.007350118179321186,0.007350118179321186,5.402423724998778e-05,↑,↓,1,12.0,1.04852,345.6334599999998
1.0433188676834106,1.0433188676834106,1.0,2023-12-05,2025-11-07,1.06234,0.019021132316589417,0.019021132316589417,0.0003618034746052023,↑,↑,1,12.0,1.06234,346.6957999999998
1.051519513130188,1.051519513130188,1.0,2023-12-05,2025-11-07,1.07896,0.02744048686981193,0.02744048686981193,0.000752980319652321,↑,↑,1,12.0,1.07896,347.7747599999998
1.064963698387146,1.064963698387146,1.0,2023-12-05,2025-11-07,1.07844,0.01347630161285407,0.01347630161285407,0.0001816107051606132,↓,↑,1,12.0,1.07844,348.8531999999998
1.0739985704421997,1.0739985704421997,1.0,2023-12-05,2025-11-07,1.08358,0.00958142955780028,0.00958142955780028,9.180379237108888e-05,↑,↑,1,12.0,1.08358,349.93677999999977
1.0812965631484985,1.0812965631484985,1.0,2023-12-05,2025-11-07,1.08341,0.002113436851501449,0.002113436851501449,4.466615325284358e-06,↓,↑,1,12.0,1.08341,351.0201899999998
1.0849608182907104,1.0849608182907104,1.0,2023-12-05,2025-11-07,1.09103,0.006069181709289495,0.006069181709289495,3.683496662037416e-05,↑,↑,1,12.0,1.09103,352.1112199999998
1.0893632173538208,1.0893632173538208,1.0,2023-12-05,2025-11-07,1.08856,-0.0008032173538208287,0.0008032173538208287,6.451581174789343e-07,↓,↑,1,12.0,1.08856,353.19977999999975
1.0905263423919678,1.0905263423919678,1.0,2023-12-05,2025-11-07,1.08513,-0.0053963423919678455,0.0053963423919678455,2.912051121134925e-05,↓,↑,1,12.0,1.08513,354.28490999999974
1.0889912843704221,1.0889912843704221,1.0,2023-12-05,2025-11-07,1.08775,-0.0012412843704221466,0.0012412843704221466,1.5407868882543047e-06,↑,↓,1,12.0,1.08775,355.37265999999977
1.0882662534713745,1.0882662534713745,1.0,2023-12-05,2025-11-07,1.09196,0.00369374652862553,0.00369374652862553,1.3643763417733153e-05,↑,↓,1,12.0,1.09196,356.46461999999974
1.0893396139144897,1.0893396139144897,1.0,2023-12-05,2025-11-07,1.09443,0.005090386085510268,0.005090386085510268,2.5912030499556546e-05,↑,↑,1,12.0,1.09443,357.55904999999973
1.0912880897521973,1.0912880897521973,1.0,2023-12-05,2025-11-07,1.09037,-0.0009180897521972042,0.0009180897521972042,8.428887930895239e-07,↓,↑,1,12.0,1.09037,358.64941999999974
1.0911105871200562,1.0911105871200562,1.0,2023-12-05,2025-11-07,1.08534,-0.005770587120056181,0.005770587120056181,3.3299675710158285e-05,↓,↓,1,12.0,1.08534,359.7347599999997
1.0886731147766116,1.0886731147766116,1.0,2023-12-05,2025-11-07,1.08111,-0.007563114776611535,0.007563114776611535,5.7200705124199746e-05,↓,↓,1,12.0,1.08111,360.81586999999973
1.084899663925171,1.084899663925171,1.0,2023-12-05,2025-11-07,1.07992,-0.004979663925170907,0.004979663925170907,2.479705280764853e-05,↓,↓,1,12.0,1.07992,361.89578999999975
1.08163321018219,1.08163321018219,1.0,2023-12-05,2025-11-07,1.07908,-0.0025532101821899023,0.0025532101821899023,6.518882234438194e-06,↓,↓,1,12.0,1.07908,362.9748699999997
1.0792444944381714,1.0792444944381714,1.0,2023-12-05,2025-11-07,1.07362,-0.005624494438171368,0.005624494438171368,3.163493768502065e-05,↓,↓,1,12.0,1.07362,364.04848999999973
1.0757580995559692,1.0757580995559692,1.0,2023-12-05,2025-11-07,1.07973,0.00397190044403084,0.00397190044403084,1.5775993137292386e-05,↑,↓,1,12.0,1.07973,365.1282199999997
1.076088786125183,1.076088786125183,1.0,2023-12-05,2025-11-07,1.0826500000000001,0.006561213874817007,0.006561213874817007,4.30495275110912e-05,↑,↑,1,12.0,1.0826500000000001,366.2108699999997
1.0786020755767822,1.0786020755767822,1.0,2023-12-05,2025-11-07,1.08167,0.0030679244232176828,0.0030679244232176828,9.412160266575551e-06,↓,↑,1,12.0,1.08167,367.2925399999997
1.0802127122879028,1.0802127122879028,1.0,2023-12-05,2025-11-07,1.07947,-0.0007427122879029024,0.0007427122879029024,5.516215426019638e-07,↓,↑,1,12.0,1.07947,368.3720099999997
1.0805407762527466,1.0805407762527466,1.0,2023-12-05,2025-11-07,1.08422,0.0036792237472533795,0.0036792237472533795,1.35366873823532e-05,↑,↑,1,12.0,1.08422,369.4562299999997
1.0823925733566284,1.0823925733566284,1.0,2023-12-05,2025-11-07,1.10521,0.022817426643371608,0.022817426643371608,0.0005206349586256445,↑,↑,1,12.0,1.10521,370.5614399999997
1.0919570922851562,1.0919570922851562,1.0,2023-12-05,2025-11-07,1.09627,0.004312907714843828,0.004312907714843828,1.860117295675941e-05,↓,↑,1,12.0,1.09627,371.6577099999997
1.0961017608642578,1.0961017608642578,1.0,2023-12-05,2025-11-07,1.09054,-0.005561760864257748,0.005561760864257748,3.093318391118909e-05,↓,↑,1,12.0,1.09054,372.7482499999997
1.0959532260894775,1.0959532260894775,1.0,2023-12-05,2025-11-07,1.09541,-0.0005432260894775442,0.0005432260894775442,2.950945842890649e-07,↑,↓,1,12.0,1.09541,373.8436599999997
1.0965017080307007,1.0965017080307007,1.0,2023-12-05,2025-11-07,1.0949200000000001,-0.0015817080307005682,0.0015817080307005682,2.5018002943826695e-06,↓,↑,1,12.0,1.0949200000000001,374.9385799999997
1.0962421894073486,1.0962421894073486,1.0,2023-12-05,2025-11-07,1.12013,0.023887810592651437,0.023887810592651437,0.0005706274949103902,↑,↓,1,12.0,1.12013,376.05870999999973
1.105424165725708,1.105424165725708,1.0,2023-12-05,2025-11-07,1.13509,0.029665834274291925,0.029665834274291925,0.0008800617231897534,↑,↑,1,12.0,1.13509,377.1937999999997
1.118718147277832,1.118718147277832,1.0,2023-12-05,2025-11-07,1.13503,0.016311852722167952,0.016311852722167952,0.000266076539229698,↓,↑,1,12.0,1.13503,378.3288299999997
1.1287508010864258,1.1287508010864258,1.0,2023-12-05,2025-11-07,1.12821,-0.0005408010864258461,0.0005408010864258461,2.924658150793755e-07,↓,↑,1,12.0,1.12821,379.4570399999997
1.132489562034607,1.132489562034607,1.0,2023-12-05,2025-11-07,1.13968,0.007190437965393093,0.007190437965393093,5.170239813416636e-05,↑,↑,1,12.0,1.13968,380.5967199999997
1.1374197006225586,1.1374197006225586,1.0,2023-12-05,2025-11-07,1.13653,-0.0008897006225585535,0.0008897006225585535,7.915671977810778e-07,↓,↑,1,12.0,1.13653,381.7332499999997
1.139007568359375,1.139007568359375,1.0,2023-12-05,2025-11-07,1.13917,0.00016243164062501592,0.00016243164062501592,2.638403787613432e-08,↑,↑,1,12.0,1.13917,382.8724199999997
1.1399400234222412,1.1399400234222412,1.0,2023-12-05,2025-11-07,1.15121,0.011269976577758856,0.011269976577758856,0.00012701237206323322,↑,↑,1,12.0,1.15121,384.0236299999997
1.144254207611084,1.144254207611084,1.0,2023-12-05,2025-11-07,1.14189,-0.0023642076110839128,0.0023642076110839128,5.589477628307101e-06,↓,↑,1,12.0,1.14189,385.1655199999997
1.1443227529525757,1.1443227529525757,1.0,2023-12-05,2025-11-07,1.13128,-0.01304275295257562,0.01304275295257562,0.00017011340458192005,↓,↑,1,12.0,1.13128,386.2967999999997
1.1397111415863037,1.1397111415863037,1.0,2023-12-05,2025-11-07,1.13932,-0.0003911415863036005,0.0003911415863036005,1.5299174053609698e-07,↑,↓,1,12.0,1.13932,387.4361199999997
1.1381441354751587,1.1381441354751587,1.0,2023-12-05,2025-11-07,1.13598,-0.0021641354751587016,0.0021641354751587016,4.683482354840379e-06,↓,↓,1,12.0,1.13598,388.5720999999997
1.1364097595214842,1.1364097595214842,1.0,2023-12-05,2025-11-07,1.14229,0.005880240478515875,0.005880240478515875,3.4577228085176605e-05,↑,↓,1,12.0,1.14229,389.7143899999997
1.137810468673706,1.137810468673706,1.0,2023-12-05,2025-11-07,1.13852,0.0007095313262939218,0.0007095313262939218,5.034347029924118e-07,↓,↑,1,12.0,1.13852,390.8529099999997
1.1378661394119263,1.1378661394119263,1.0,2023-12-05,2025-11-07,1.13239,-0.005476139411926262,0.005476139411926262,2.9988102858852103e-05,↓,↑,1,12.0,1.13239,391.9852999999997
1.1354734897613525,1.1354734897613525,1.0,2023-12-05,2025-11-07,1.12925,-0.006223489761352452,0.006223489761352452,3.87318248096588e-05,↓,↓,1,12.0,1.12925,393.1145499999997
1.1322455406188965,1.1322455406188965,1.0,2023-12-05,2025-11-07,1.12987,-0.0023755406188965544,0.0023755406188965544,5.643193232027425e-06,↑,↓,1,12.0,1.12987,394.2444199999997
1.1301524639129639,1.1301524639129639,1.0,2023-12-05,2025-11-07,1.13134,0.001187536087036145,0.001187536087036145,1.4102419580131189e-06,↑,↓,1,12.0,1.13134,395.37575999999973
1.1295835971832275,1.1295835971832275,1.0,2023-12-05,2025-11-07,1.13723,0.007646402816772424,0.007646402816772424,5.846747603634526e-05,↑,↓,1,12.0,1.13723,396.5129899999997
1.1320244073867798,1.1320244073867798,1.0,2023-12-05,2025-11-07,1.1302,-0.0018244073867796917,0.0018244073867796917,3.3284623129363035e-06,↓,↑,1,12.0,1.1302,397.6431899999997
1.1314624547958376,1.1314624547958376,1.0,2023-12-05,2025-11-07,1.12291,-0.00855245479583755,0.00855245479583755,7.31444830348447e-05,↓,↓,1,12.0,1.12291,398.7660999999997
1.1278650760650635,1.1278650760650635,1.0,2023-12-05,2025-11-07,1.12475,-0.00311507606506356,0.00311507606506356,9.703698891131872e-06,↑,↓,1,12.0,1.12475,399.8908499999997
1.1256581544876099,1.1256581544876099,1.0,2023-12-05,2025-11-07,1.10874,-0.016918154487609804,0.016918154487609804,0.00028622395126663176,↓,↓,1,12.0,1.10874,400.9995899999997
1.117712378501892,1.117712378501892,1.0,2023-12-05,2025-11-07,1.1187,0.0009876214981079379,0.0009876214981079379,9.753962235249675e-07,↑,↓,1,12.0,1.1187,402.1182899999997
1.115842342376709,1.115842342376709,1.0,2023-12-05,2025-11-07,1.1173,0.0014576576232909755,0.0014576576232909755,2.1247657467382955e-06,↓,↓,1,12.0,1.1173,403.2355899999997
1.1149767637252808,1.1149767637252808,1.0,2023-12-05,2025-11-07,1.11857,0.0035932362747193025,0.0035932362747193025,1.2911346925958651e-05,↑,↓,1,12.0,1.11857,404.3541599999997
1.1156162023544312,1.1156162023544312,1.0,2023-12-05,2025-11-07,1.11601,0.00039379764556879415,0.00039379764556879415,1.550765856555256e-07,↓,↑,1,12.0,1.11601,405.4701699999997
1.1155381202697754,1.1155381202697754,1.0,2023-12-05,2025-11-07,1.12427,0.008731879730224712,0.008731879730224712,7.624572362310919e-05,↑,↓,1,12.0,1.12427,406.59443999999974
1.1190009117126465,1.1190009117126465,1.0,2023-12-05,2025-11-07,1.1283400000000001,0.009339088287353636,0.009339088287353636,8.721857003898588e-05,↑,↑,1,12.0,1.1283400000000001,407.7227799999997
1.1235147714614868,1.1235147714614868,1.0,2023-12-05,2025-11-07,1.13299,0.009475228538513125,0.009475228538513125,8.977995585705358e-05,↑,↑,1,12.0,1.13299,408.8557699999997
1.1286320686340332,1.1286320686340332,1.0,2023-12-05,2025-11-07,1.12801,-0.000622068634033246,0.000622068634033246,3.869693854479885e-07,↓,↑,1,12.0,1.12801,409.98377999999974
1.1299734115600586,1.1299734115600586,1.0,2023-12-05,2025-11-07,1.13642,0.006446588439941392,0.006446588439941392,4.1558502513985987e-05,↑,↑,1,12.0,1.13642,411.1201999999997
1.1331902742385864,1.1331902742385864,1.0,2023-12-05,2025-11-07,1.13863,0.005439725761413605,0.005439725761413605,2.9590616359386828e-05,↑,↑,1,12.0,1.13863,412.2588299999997
1.13617742061615,1.13617742061615,1.0,2023-12-05,2025-11-07,1.1329,-0.0032774206161498842,0.0032774206161498842,1.0741485895164286e-05,↓,↑,1,12.0,1.1329,413.3917299999997
1.1358147859573362,1.1358147859573362,1.0,2023-12-05,2025-11-07,1.12926,-0.006554785957336273,0.006554785957336273,4.2965218946492805e-05,↓,↓,1,12.0,1.12926,414.5209899999997
1.1333345174789429,1.1333345174789429,1.0,2023-12-05,2025-11-07,1.13684,0.0035054825210572016,0.0035054825210572016,1.2288407705437555e-05,↑,↓,1,12.0,1.13684,415.6578299999997
1.1338509321212769,1.1338509321212769,1.0,2023-12-05,2025-11-07,1.13467,0.000819067878723212,0.000819067878723212,6.708721899561422e-07,↓,↑,1,12.0,1.13467,416.79249999999973
1.1338186264038086,1.1338186264038086,1.0,2023-12-05,2025-11-07,1.14419,0.010371373596191447,0.010371373596191447,0.0001075653902717771,↑,↓,1,12.0,1.14419,417.9366899999997
1.1374696493148804,1.1374696493148804,1.0,2023-12-05,2025-11-07,1.13717,-0.00029964931488035695,0.00029964931488035695,8.978971190826731e-08,↓,↑,1,12.0,1.13717,419.07385999999974
1.1380555629730225,1.1380555629730225,1.0,2023-12-05,2025-11-07,1.142,0.003944437026977443,0.003944437026977443,1.555858345979065e-05,↑,↑,1,12.0,1.142,420.21585999999974
1.1398166418075562,1.1398166418075562,1.0,2023-12-05,2025-11-07,1.1443699999999999,0.004553358192443735,0.004553358192443735,2.073307082869448e-05,↑,↑,1,12.0,1.1443699999999999,421.3602299999997
1.1419318914413452,1.1419318914413452,1.0,2023-12-05,2025-11-07,1.13926,-0.0026718914413452755,0.0026718914413452755,7.139003874334133e-06,↓,↑,1,12.0,1.13926,422.4994899999997
1.1414688825607302,1.1414688825607302,1.0,2023-12-05,2025-11-07,1.14181,0.0003411174392697891,0.0003411174392697891,1.1636110737397825e-07,↑,↓,1,12.0,1.14181,423.6412999999997
1.1415213346481323,1.1415213346481323,1.0,2023-12-05,2025-11-07,1.14246,0.0009386653518677068,0.0009386653518677068,8.810926427969259e-07,↑,↑,1,12.0,1.14246,424.78375999999975
1.1417014598846436,1.1417014598846436,1.0,2023-12-05,2025-11-07,1.14869,0.006988540115356434,0.006988540115356434,4.8839692943946124e-05,↑,↑,1,12.0,1.14869,425.93244999999973
1.144132137298584,1.144132137298584,1.0,2023-12-05,2025-11-07,1.15859,0.014457862701416024,0.014457862701416024,0.00020902979389299665,↑,↑,1,12.0,1.15859,427.09103999999974
1.1498486995697021,1.1498486995697021,1.0,2023-12-05,2025-11-07,1.15473,0.004881300430297886,0.004881300430297886,2.3827093890826324e-05,↓,↑,1,12.0,1.15473,428.2457699999997
1.1530808210372925,1.1530808210372925,1.0,2023-12-05,2025-11-07,1.15614,0.003059178962707465,0.003059178962707465,9.358575925871922e-06,↑,↑,1,12.0,1.15614,429.4019099999997
1.155357837677002,1.155357837677002,1.0,2023-12-05,2025-11-07,1.1484,-0.006957837677001866,0.006957837677001866,4.841150513950672e-05,↓,↑,1,12.0,1.1484,430.5503099999997
1.1536413431167603,1.1536413431167603,1.0,2023-12-05,2025-11-07,1.14794,-0.0057013431167602935,0.0057013431167602935,3.2505313335029975e-05,↓,↓,1,12.0,1.14794,431.6982499999997
1.1512072086334229,1.1512072086334229,1.0,2023-12-05,2025-11-07,1.14983,-0.0013772086334229439,0.0013772086334229439,1.8967036199746925e-06,↑,↓,1,12.0,1.14983,432.8480799999997
1.149744987487793,1.149744987487793,1.0,2023-12-05,2025-11-07,1.15216,0.0024150125122071042,0.0024150125122071042,5.832285434116869e-06,↑,↓,1,12.0,1.15216,434.0002399999997
1.1505011320114136,1.1505011320114136,1.0,2023-12-05,2025-11-07,1.15777,0.007268867988586392,0.007268867988586392,5.283644183549597e-05,↑,↑,1,12.0,1.15777,435.1580099999997
1.1527923345565796,1.1527923345565796,1.0,2023-12-05,2025-11-07,1.16103,0.008237665443420417,0.008237665443420417,6.78591319577229e-05,↑,↑,1,12.0,1.16103,436.3190399999997
1.156322717666626,1.156322717666626,1.0,2023-12-05,2025-11-07,1.16555,0.00922728233337411,0.00922728233337411,8.514273925979795e-05,↑,↑,1,12.0,1.16555,437.4845899999997
1.1608060598373413,1.1608060598373413,1.0,2023-12-05,2025-11-07,1.16998,0.009173940162658711,0.009173940162658711,8.416117810804254e-05,↑,↑,1,12.0,1.16998,438.6545699999997
1.1656816005706787,1.1656816005706787,1.0,2023-12-05,2025-11-07,1.17192,0.006238399429321362,0.006238399429321362,3.891762743975709e-05,↑,↑,1,12.0,1.17192,439.8264899999997
1.169750452041626,1.169750452041626,1.0,2023-12-05,2025-11-07,1.17817,0.008419547958373963,0.008419547958373963,7.088878782335916e-05,↑,↑,1,12.0,1.17817,441.0046599999997
1.174311876296997,1.174311876296997,1.0,2023-12-05,2025-11-07,1.18049,0.006178123703002969,0.006178123703002969,3.816921248960712e-05,↑,↑,1,12.0,1.18049,442.18514999999974
1.1781632900238037,1.1781632900238037,1.0,2023-12-05,2025-11-07,1.17958,0.001416709976196362,0.001416709976196362,2.0070671566542966e-06,↓,↑,1,12.0,1.17958,443.3647299999997
1.1802530288696291,1.1802530288696291,1.0,2023-12-05,2025-11-07,1.1756199999999999,-0.004633028869629241,0.004633028869629241,2.1464956506818e-05,↓,↑,1,12.0,1.1756199999999999,444.5403499999997
1.1798439025878906,1.1798439025878906,1.0,2023-12-05,2025-11-07,1.1774,-0.002443902587890623,0.002443902587890623,5.9726598590984834e-06,↑,↓,1,12.0,1.1774,445.7177499999997
1.179276466369629,1.179276466369629,1.0,2023-12-05,2025-11-07,1.17079,-0.008486466369628909,0.008486466369628909,7.202011144284247e-05,↓,↓,1,12.0,1.17079,446.8885399999997
1.1764724254608154,1.1764724254608154,1.0,2023-12-05,2025-11-07,1.17252,-0.003952425460815423,0.003952425460815423,1.5621667023302008e-05,↑,↓,1,12.0,1.17252,448.0610599999997
1.1743910312652588,1.1743910312652588,1.0,2023-12-05,2025-11-07,1.17203,-0.002361031265258884,0.002361031265258884,5.574468635529966e-06,↓,↓,1,12.0,1.17203,449.2330899999997
1.1728264093399048,1.1728264093399048,1.0,2023-12-05,2025-11-07,1.16982,-0.003006409339904703,0.003006409339904703,9.038497119066232e-06,↓,↓,1,12.0,1.16982,450.40290999999974
1.17121958732605,1.17121958732605,1.0,2023-12-05,2025-11-07,1.16917,-0.002049587326049984,0.002049587326049984,4.200808207104724e-06,↓,↓,1,12.0,1.16917,451.57207999999974
1.169987440109253,1.169987440109253,1.0,2023-12-05,2025-11-07,1.16634,-0.0036474401092529973,0.0036474401092529973,1.3303819350587518e-05,↓,↓,1,12.0,1.16634,452.73841999999973
1.1683812141418457,1.1683812141418457,1.0,2023-12-05,2025-11-07,1.16001,-0.008371214141845718,0.008371214141845718,7.007722620863773e-05,↓,↓,1,12.0,1.16001,453.89842999999973
1.1651667356491089,1.1651667356491089,1.0,2023-12-05,2025-11-07,1.16419,-0.0009767356491088286,0.0009767356491088286,9.540125282400447e-07,↑,↓,1,12.0,1.16419,455.06261999999975
1.1638846397399902,1.1638846397399902,1.0,2023-12-05,2025-11-07,1.15961,-0.004274639739990205,0.004274639739990205,1.8272544906703524e-05,↓,↓,1,12.0,1.15961,456.22222999999974
1.1619341373443604,1.1619341373443604,1.0,2023-12-05,2025-11-07,1.16219,0.0002558626556397048,0.0002558626556397048,6.546569855100216e-08,↑,↓,1,12.0,1.16219,457.38441999999975
1.1600000858306885,1.1600000858306885,1.0,2023-12-05,2025-11-07,1.16929,0.009289914169311464,0.009289914169311464,8.63025052731739e-05,↑,↓,1,12.0,1.16929,458.55370999999974
1.1625193357467651,1.1625193357467651,1.0,2023-12-05,2025-11-07,1.17516,0.012640664253234846,0.012640664253234846,0.00015978639276300927,↑,↑,1,12.0,1.17516,459.72886999999974
1.16690194606781,1.16690194606781,1.0,2023-12-05,2025-11-07,1.17707,0.010168053932190002,0.010168053932190002,0.00010338932076792456,↑,↑,1,12.0,1.17707,460.90593999999976
1.1711238622665405,1.1711238622665405,1.0,2023-12-05,2025-11-07,1.17469,0.0035661377334594846,0.0035661377334594846,1.271733833400355e-05,↓,↑,1,12.0,1.17469,462.08062999999976
1.1733975410461426,1.1733975410461426,1.0,2023-12-05,2025-11-07,1.17389,0.0004924589538575219,0.0004924589538575219,2.425158212344449e-07,↓,↑,1,12.0,1.17389,463.25451999999973
1.1743260622024536,1.1743260622024536,1.0,2023-12-05,2025-11-07,1.15878,-0.015546062202453692,0.015546062202453692,0.00024168005000255933,↓,↑,1,12.0,1.15878,464.4132999999997
1.1694295406341553,1.1694295406341553,1.0,2023-12-05,2025-11-07,1.15449,-0.014939540634155257,0.014939540634155257,0.00022318987435957606,↓,↓,1,12.0,1.15449,465.5677899999997
1.1631739139556885,1.1631739139556885,1.0,2023-12-05,2025-11-07,1.14056,-0.02261391395568846,0.02261391395568846,0.0005113891043952812,↓,↓,1,12.0,1.14056,466.7083499999997
1.1531174182891846,1.1531174182891846,1.0,2023-12-05,2025-11-07,1.14141,-0.011707418289184535,0.011707418289184535,0.00013706364299793253,↑,↓,1,12.0,1.14141,467.8497599999997
1.1455310583114624,1.1455310583114624,1.0,2023-12-05,2025-11-07,1.1595,0.013968941688537573,0.013968941688537573,0.00019513133189776293,↑,↓,1,12.0,1.1595,469.0092599999997
1.1472011804580688,1.1472011804580688,1.0,2023-12-05,2025-11-07,1.15747,0.010268819541931151,0.010268819541931151,0.0001054486547847471,↓,↑,1,12.0,1.15747,470.1667299999997
1.149670124053955,1.149670124053955,1.0,2023-12-05,2025-11-07,1.15757,0.00789987594604491,0.00789987594604491,6.240803996289896e-05,↑,↑,1,12.0,1.15757,471.3242999999997
1.152476191520691,1.152476191520691,1.0,2023-12-05,2025-11-07,1.16557,0.013093808479309077,0.013093808479309077,0.0001714478204928263,↑,↑,1,12.0,1.16557,472.4898699999997
1.1576529741287231,1.1576529741287231,1.0,2023-12-05,2025-11-07,1.16663,0.008977025871276911,0.008977025871276911,8.058699349357498e-05,↑,↑,1,12.0,1.16663,473.6564999999997
1.1620779037475586,1.1620779037475586,1.0,2023-12-05,2025-11-07,1.16404,0.00196209625244137,0.00196209625244137,3.849821703844468e-06,↓,↑,1,12.0,1.16404,474.8205399999997
1.1641973257064822,1.1641973257064822,1.0,2023-12-05,2025-11-07,1.16182,-0.0023773257064820807,0.0023773257064820807,5.651677514700524e-06,↓,↑,1,12.0,1.16182,475.9823599999997
1.164337158203125,1.164337158203125,1.0,2023-12-05,2025-11-07,1.16726,0.0029228417968749643,0.0029228417968749643,8.543004169559269e-06,↑,↑,1,12.0,1.16726,477.1496199999997
1.1655832529067993,1.1655832529067993,1.0,2023-12-05,2025-11-07,1.17049,0.004906747093200714,0.004906747093200714,2.4076167036633658e-05,↑,↑,1,12.0,1.17049,478.32010999999966
1.1673920154571533,1.1673920154571533,1.0,2023-12-05,2025-11-07,1.16482,-0.0025720154571533538,0.0025720154571533538,6.615263511835775e-06,↓,↑,1,12.0,1.16482,479.4849299999997
1.1667335033416748,1.1667335033416748,1.0,2023-12-05,2025-11-07,1.17028,0.0035464966583251822,0.0035464966583251822,1.2577638547511684e-05,↑,↓,1,12.0,1.17028,480.65520999999967
1.1694927215576172,1.1694927215576172,1.0,2023-12-05,2025-11-07,1.16614,-0.003352721557617233,0.003352721557617233,1.1240741842911325e-05,↓,↑,1,12.0,1.16614,481.82134999999965
1.16885244846344,1.16885244846344,1.0,2023-12-05,2025-11-07,1.16461,-0.004242448463440018,0.004242448463440018,1.799836896494457e-05,↓,↓,1,12.0,1.16461,482.98595999999964
1.167545199394226,1.167545199394226,1.0,2023-12-05,2025-11-07,1.1651,-0.0024451993942260497,0.0024451993942260497,5.97900007752344e-06,↑,↓,1,12.0,1.1651,484.15105999999963
1.1665245294570923,1.1665245294570923,1.0,2023-12-05,2025-11-07,1.1605699999999999,-0.005954529457092406,0.005954529457092406,3.545642105538118e-05,↓,↓,1,12.0,1.1605699999999999,485.31162999999964
1.1642924547195437,1.1642924547195437,1.0,2023-12-05,2025-11-07,1.17209,0.007797545280456397,0.007797545280456397,6.0801712400767836e-05,↑,↓,1,12.0,1.17209,486.48371999999966
1.1662794351577759,1.1662794351577759,1.0,2023-12-05,2025-11-07,1.1620300000000001,-0.0042494351577757605,0.0042494351577757605,1.8057699160140702e-05,↓,↑,1,12.0,1.1620300000000001,487.6457499999997
1.1653305292129517,1.1653305292129517,1.0,2023-12-05,2025-11-07,1.16414,-0.0011905292129517075,0.0011905292129517075,1.4173598068914123e-06,↑,↓,1,12.0,1.16414,488.80988999999965
1.1649409532546997,1.1649409532546997,1.0,2023-12-05,2025-11-07,1.16372,-0.0012209532546996194,0.0012209532546996194,1.4907268501615935e-06,↓,↓,1,12.0,1.16372,489.97360999999967
1.1645708084106445,1.1645708084106445,1.0,2023-12-05,2025-11-07,1.16815,0.0035791915893554904,0.0035791915893554904,1.2810612433313082e-05,↑,↓,1,12.0,1.16815,491.1417599999997
1.1657963991165161,1.1657963991165161,1.0,2023-12-05,2025-11-07,1.16863,0.0028336008834839443,0.0028336008834839443,8.02929396688099e-06,↑,↑,1,12.0,1.16863,492.3103899999997
1.1672221422195435,1.1672221422195435,1.0,2023-12-05,2025-11-07,1.17117,0.003947857780456587,0.003947857780456587,1.5585581054711613e-05,↑,↑,1,12.0,1.17117,493.4815599999997
1.1692256927490234,1.1692256927490234,1.0,2023-12-05,2025-11-07,1.16419,-0.005035692749023379,0.005035692749023379,2.535820146256664e-05,↓,↑,1,12.0,1.16419,494.64574999999974
1.1685190200805666,1.1685190200805666,1.0,2023-12-05,2025-11-07,1.16606,-0.002459020080566532,0.002459020080566532,6.046779756629433e-06,↑,↓,1,12.0,1.16606,495.81180999999975
1.167987585067749,1.167987585067749,1.0,2023-12-05,2025-11-07,1.16511,-0.0028775850677489334,0.0028775850677489334,8.280495822131633e-06,↓,↓,1,12.0,1.16511,496.9769199999998
1.167134165763855,1.167134165763855,1.0,2023-12-05,2025-11-07,1.17205,0.004915834236145056,0.004915834236145056,2.4165426237255845e-05,↑,↓,1,12.0,1.17205,498.1489699999998
1.168676733970642,1.168676733970642,1.0,2023-12-05,2025-11-07,1.17609,0.00741326602935799,0.00741326602935799,5.495651322203318e-05,↑,↑,1,12.0,1.17609,499.3250599999998
1.1716362237930298,1.1716362237930298,1.0,2023-12-05,2025-11-07,1.1709100000000001,-0.0007262237930296678,0.0007262237930296678,5.274009975623977e-07,↓,↑,1,12.0,1.1709100000000001,500.4959699999998
1.1725400686264038,1.1725400686264038,1.0,2023-12-05,2025-11-07,1.16946,-0.0030800686264038646,0.0030800686264038646,9.486822743357389e-06,↓,↑,1,12.0,1.16946,501.6654299999998
1.1723277568817139,1.1723277568817139,1.0,2023-12-05,2025-11-07,1.17361,0.0012822431182861749,0.0012822431182861749,1.6441474143922534e-06,↑,↓,1,12.0,1.17361,502.8390399999998
1.1731247901916504,1.1731247901916504,1.0,2023-12-05,2025-11-07,1.17316,3.520980834958998e-05,3.520980834958998e-05,1.2397306040148561e-09,↓,↑,1,12.0,1.17316,504.0121999999998
1.175437569618225,1.175437569618225,1.0,2023-12-05,2025-11-07,1.17602,0.0005824303817749676,0.0005824303817749676,3.3922514961453456e-07,↑,↑,1,12.0,1.17602,505.1882199999998
1.176710605621338,1.176710605621338,1.0,2023-12-05,2025-11-07,1.1865,0.00978939437866222,0.00978939437866222,9.583224230098346e-05,↑,↑,1,12.0,1.1865,506.3747199999998
1.1812317371368408,1.1812317371368408,1.0,2023-12-05,2025-11-07,1.18117,-6.173713684076709e-05,6.173713684076709e-05,3.811474065295602e-09,↓,↑,1,12.0,1.18117,507.5558899999998
1.183284044265747,1.183284044265747,1.0,2023-12-05,2025-11-07,1.17819,-0.005094044265747,0.005094044265747,2.594928698138989e-05,↓,↑,1,12.0,1.17819,508.7340799999998
1.1833823919296267,1.1833823919296267,1.0,2023-12-05,2025-11-07,1.1743000000000001,-0.009082391929626565,0.009082391929626565,8.248984316334577e-05,↓,↑,1,12.0,1.1743000000000001,509.9083799999998
1.181605339050293,1.181605339050293,1.0,2023-12-05,2025-11-07,1.18014,-0.001465339050293002,0.001465339050293002,2.147218532313597e-06,↑,↓,1,12.0,1.18014,511.0885199999998
1.1817262172698975,1.1817262172698975,1.0,2023-12-05,2025-11-07,1.18143,-0.00029621726989748076,0.00029621726989748076,8.774467098551696e-08,↑,↑,1,12.0,1.18143,512.2699499999998
1.1824195384979248,1.1824195384979248,1.0,2023-12-05,2025-11-07,1.1737,-0.00871953849792484,0.00871953849792484,7.603035161679336e-05,↓,↑,1,12.0,1.1737,513.4436499999998
1.1804690361022951,1.1804690361022951,1.0,2023-12-05,2025-11-07,1.16643,-0.014039036102295066,0.014039036102295066,0.00019709453468154425,↓,↓,1,12.0,1.16643,514.6100799999998
1.1761462688446045,1.1761462688446045,1.0,2023-12-05,2025-11-07,1.17013,-0.0060162688446046,0.0060162688446046,3.619549081055997e-05,↑,↓,1,12.0,1.17013,515.7802099999998
1.173792839050293,1.173792839050293,1.0,2023-12-05,2025-11-07,1.17264,-0.001152839050293064,0.001152839050293064,1.329037875880614e-06,↑,↓,1,12.0,1.17264,516.9528499999998
1.1732524633407593,1.1732524633407593,1.0,2023-12-05,2025-11-07,1.17333,7.753665924070674e-05,7.753665924070674e-05,6.011933526209474e-09,↑,↓,1,12.0,1.17333,518.1261799999997
1.1736057996749878,1.1736057996749878,1.0,2023-12-05,2025-11-07,1.17281,-0.0007957996749878848,0.0007957996749878848,6.332971227108231e-07,↓,↑,1,12.0,1.17281,519.2989899999998
1.174070119857788,1.174070119857788,1.0,2023-12-05,2025-11-07,1.17154,-0.00253011985778806,0.00253011985778806,6.401506494773474e-06,↓,↑,1,12.0,1.17154,520.4705299999998
1.1741424798965454,1.1741424798965454,1.0,2023-12-05,2025-11-07,1.1739,-0.00024247989654546664,0.00024247989654546664,5.8796500228700206e-08,↑,↑,1,12.0,1.1739,521.6444299999998
1.1749922037124634,1.1749922037124634,1.0,2023-12-05,2025-11-07,1.17105,-0.003942203712463455,0.003942203712463455,1.5540970110560643e-05,↓,↑,1,12.0,1.17105,522.8154799999999
1.1747591495513916,1.1747591495513916,1.0,2023-12-05,2025-11-07,1.16574,-0.009019149551391603,0.009019149551391603,8.134505863036735e-05,↓,↓,1,12.0,1.16574,523.9812199999999
1.172588586807251,1.172588586807251,1.0,2023-12-05,2025-11-07,1.16287,-0.009718586807250906,0.009718586807250906,9.445092953007137e-05,↓,↓,1,12.0,1.16287,525.1440899999999
1.1696308851242063,1.1696308851242063,1.0,2023-12-05,2025-11-07,1.15637,-0.013260885124206423,0.013260885124206423,0.0001758510742773992,↓,↓,1,12.0,1.15637,526.3004599999999
1.164997935295105,1.164997935295105,1.0,2023-12-05,2025-11-07,1.16238,-0.0026179352951050117,0.0026179352951050117,6.853585209356564e-06,↑,↓,1,12.0,1.16238,527.4628399999999
1.161173939704895,1.161173939704895,1.0,2023-12-05,2025-11-07,1.15672,-0.004453939704895049,0.004453939704895049,1.9837578894840596e-05,↓,↓,1,12.0,1.15672,528.6195599999999
1.158724784851074,1.158724784851074,1.0,2023-12-05,2025-11-07,1.16059,0.0018652151489260138,0.0018652151489260138,3.479027551783092e-06,↑,↓,1,12.0,1.16059,529.7801499999998
1.1585960388183594,1.1585960388183594,1.0,2023-12-05,2025-11-07,1.16454,0.0059439611816405336,0.0059439611816405336,3.5330674528849526e-05,↑,↓,1,12.0,1.16454,530.9446899999998
1.1605889797210693,1.1605889797210693,1.0,2023-12-05,2025-11-07,1.16871,0.00812102027893058,0.00812102027893058,6.595097037080171e-05,↑,↑,1,12.0,1.16871,532.1133999999998
1.1641327142715454,1.1641327142715454,1.0,2023-12-05,2025-11-07,1.16525,0.0011172857284544868,0.0011172857284544868,1.2483273990080732e-06,↓,↑,1,12.0,1.16525,533.2786499999999
1.165745735168457,1.165745735168457,1.0,2023-12-05,2025-11-07,1.16431,-0.0014357351684570752,0.0014357351684570752,2.061335473944466e-06,↓,↑,1,12.0,1.16431,534.4429599999999
1.1662006378173828,1.1662006378173828,1.0,2023-12-05,2025-11-07,1.15994,-0.006260637817382841,0.006260637817382841,3.919558588044419e-05,↓,↑,1,12.0,1.15994,535.6028999999999
1.1645127534866333,1.1645127534866333,1.0,2023-12-05,2025-11-07,1.16093,-0.0035827534866332833,0.0035827534866332833,1.2836122545982948e-05,↑,↓,1,12.0,1.16093,536.7638299999999
1.1631327867507935,1.1631327867507935,1.0,2023-12-05,2025-11-07,1.1618,-0.0013327867507935132,0.0013327867507935132,1.7763205230907302e-06,↑,↓,1,12.0,1.1618,537.9256299999998
1.1623942852020264,1.1623942852020264,1.0,2023-12-05,2025-11-07,1.1627,0.0003057147979736996,0.0003057147979736996,9.346153770009996e-08,↑,↓,1,12.0,1.1627,539.0883299999998
1.1623272895812988,1.1623272895812988,1.0,2023-12-05,2025-11-07,1.16438,0.0020527104187011425,0.0020527104187011425,4.21362006304422e-06,↑,↓,1,12.0,1.16438,540.2527099999999
1.163099765777588,1.163099765777588,1.0,2023-12-05,2025-11-07,1.16511,0.0020102342224121994,0.0020102342224121994,4.04104162895718e-06,↑,↑,1,12.0,1.16511,541.4178199999999
1.1641405820846558,1.1641405820846558,1.0,2023-12-05,2025-11-07,1.16014,-0.004000582084655813,0.004000582084655813,1.6004657016069047e-05,↓,↑,1,12.0,1.16014,542.5779599999998
1.1631182432174683,1.1631182432174683,1.0,2023-12-05,2025-11-07,1.15667,-0.006448243217468175,0.006448243217468175,4.157984059162432e-05,↓,↓,1,12.0,1.15667,543.7346299999998
1.16073215007782,1.16073215007782,1.0,2023-12-05,2025-11-07,1.15363,-0.007102150077820113,0.007102150077820113,5.0440535727880235e-05,↓,↓,1,12.0,1.15363,544.8882599999998
1.1575816869735718,1.1575816869735718,1.0,2023-12-05,2025-11-07,1.15195,-0.005631686973571748,0.005631686973571748,3.1715898168297715e-05,↓,↓,1,12.0,1.15195,546.0402099999999
1.1545692682266235,1.1545692682266235,1.0,2023-12-05,2025-11-07,1.14804,-0.006529268226623586,0.006529268226623586,4.263134357519631e-05,↓,↓,1,12.0,1.14804,547.1882499999999
1.1510545015335083,1.1510545015335083,1.0,2023-12-05,2025-11-07,1.1492499999999999,-0.001804501533508418,0.001804501533508418,3.2562257844342325e-06,↑,↓,1,12.0,1.1492499999999999,548.3375
1.1491670608520508,1.1491670608520508,1.0,2023-12-05,2025-11-07,1.15473,0.005562939147949253,0.005562939147949253,3.094629196378636e-05,↑,↓,1,12.0,1.15473,549.49223
1.1504708528518677,1.1504708528518677,1.0,2023-12-05,2025-11-07,1.15634,0.005869147148132248,0.005869147148132248,3.44468882464289e-05,↑,↑,1,12.0,1.15634,550.64857
