y_pred,y_pred_price,y_true,signal,direction_pred,direction_true,fecha_inicio_ventana,fecha_fin_ventana,error,abs_error,sq_error,horizon,threshold_pips,pnl,pnl_cum
1.0948484494795498,1.0948484494795498,1.07628,0.0,1.0,-1.0,2023-12-06,2025-11-10,-0.0185684494795499,0.0185684494795499,0.0003447873160745,1,12.0,1.07628,1.07628
1.093912166067751,1.093912166067751,1.07951,1.0,1.0,1.0,2023-12-06,2025-11-10,-0.0144021660677511,0.0144021660677511,0.000207422387443,1,12.0,1.07951,2.15579
1.093504003606841,1.093504003606841,1.07617,1.0,1.0,-1.0,2023-12-06,2025-11-10,-0.017334003606841,0.017334003606841,0.0003004676810419,1,12.0,1.07617,3.23196
1.093106894463763,1.093106894463763,1.07634,1.0,1.0,1.0,2023-12-06,2025-11-10,-0.0167668944637628,0.0167668944637628,0.0002811287499589,1,12.0,1.07634,4.3083
1.093127591329354,1.093127591329354,1.07943,1.0,1.0,1.0,2023-12-06,2025-11-10,-0.0136975913293539,0.0136975913293539,0.0001876240082259,1,12.0,1.07943,5.38773
1.0934764149103675,1.0934764149103675,1.08742,1.0,1.0,1.0,2023-12-06,2025-11-10,-0.0060564149103676,0.0060564149103676,3.668016156652396e-05,1,12.0,1.08742,6.475149999999999
1.09375739136743,1.09375739136743,1.09908,1.0,1.0,1.0,2023-12-06,2025-11-10,0.0053226086325699,0.0053226086325699,2.8330162655508123e-05,1,12.0,1.09908,7.574229999999999
1.09527247579418,1.09527247579418,1.08943,-1.0,-1.0,-1.0,2023-12-06,2025-11-10,-0.0058424757941801,0.0058424757941801,3.413452340558132e-05,1,12.0,1.08943,8.663659999999998
1.0959175534316743,1.0959175534316743,1.09228,1.0,1.0,1.0,2023-12-06,2025-11-10,-0.0036375534316743,0.0036375534316743,1.3231794968286049e-05,1,12.0,1.09228,9.75594
1.0984735685804952,1.0984735685804952,1.09794,1.0,1.0,1.0,2023-12-06,2025-11-10,-0.0005335685804952,0.0005335685804952,2.846954300917131e-07,1,12.0,1.09794,10.853879999999998
1.09943882274944,1.09943882274944,1.09414,1.0,1.0,-1.0,2023-12-06,2025-11-10,-0.0052988227494401,0.0052988227494401,2.8077522529984548e-05,1,12.0,1.09414,11.948019999999998
1.1001998325357147,1.1001998325357147,1.10111,1.0,1.0,1.0,2023-12-06,2025-11-10,0.0009101674642852,0.0009101674642852,8.284048130435222e-07,1,12.0,1.10111,13.049129999999998
1.1010317376382217,1.1010317376382217,1.10108,0.0,-1.0,-1.0,2023-12-06,2025-11-10,4.826236177835064e-05,4.826236177835064e-05,2.3292555644244e-09,1,12.0,1.10108,14.150209999999998
1.101546721190856,1.101546721190856,1.1041,0.0,1.0,1.0,2023-12-06,2025-11-10,0.002553278809144,0.002553278809144,6.519232677223914e-06,1,12.0,1.1041,15.254309999999998
1.1047512060385358,1.1047512060385358,1.1106,0.0,1.0,1.0,2023-12-06,2025-11-10,0.0058487939614642,0.0058487939614642,3.4208390803660146e-05,1,12.0,1.1106,16.36491
1.105568998687633,1.105568998687633,1.10615,-1.0,-1.0,-1.0,2023-12-06,2025-11-10,0.000581001312367,0.000581001312367,3.375625249722304e-07,1,12.0,1.10615,17.471059999999998
1.1061345521917645,1.1061345521917645,1.10384,0.0,-1.0,-1.0,2023-12-06,2025-11-10,-0.0022945521917643,0.0022945521917643,5.264969760730499e-06,1,12.0,1.10384,18.5749
1.1069475416775307,1.1069475416775307,1.09406,1.0,1.0,-1.0,2023-12-06,2025-11-10,-0.0128875416775307,0.0128875416775307,0.00016608873049,1,12.0,1.09406,19.66896
1.1083904639005469,1.1083904639005469,1.0919,1.0,1.0,-1.0,2023-12-06,2025-11-10,-0.0164904639005467,0.0164904639005467,0.0002719353996552,1,12.0,1.0919,20.76086
1.1045913217973953,1.1045913217973953,1.09471,1.0,1.0,1.0,2023-12-06,2025-11-10,-0.0098813217973952,0.0098813217973952,9.76405204636776e-05,1,12.0,1.09471,21.85557
1.1033851203980287,1.1033851203980287,1.09403,1.0,1.0,-1.0,2023-12-06,2025-11-10,-0.0093551203980286,0.0093551203980286,8.751827766161192e-05,1,12.0,1.09403,22.9496
1.106720129197041,1.106720129197041,1.09501,1.0,1.0,1.0,2023-12-06,2025-11-10,-0.0117101291970409,0.0117101291970409,0.0001371271258113,1,12.0,1.09501,24.044609999999995
1.1042156798883338,1.1042156798883338,1.09299,1.0,1.0,-1.0,2023-12-06,2025-11-10,-0.0112256798883338,0.0112256798883338,0.0001260158889553,1,12.0,1.09299,25.1376
1.1042568980488117,1.1042568980488117,1.09713,1.0,1.0,1.0,2023-12-06,2025-11-10,-0.0071268980488117,0.0071268980488117,5.079267579815637e-05,1,12.0,1.09713,26.234729999999995
1.101442522094039,1.101442522094039,1.09722,1.0,1.0,1.0,2023-12-06,2025-11-10,-0.0042225220940388,0.0042225220940388,1.782969283464614e-05,1,12.0,1.09722,27.33195
1.0998912111665162,1.0998912111665162,1.09492,1.0,1.0,-1.0,2023-12-06,2025-11-10,-0.0049712111665161,0.0049712111665161,2.471294046209446e-05,1,12.0,1.09492,28.426869999999997
1.0997784035917162,1.0997784035917162,1.09499,1.0,1.0,1.0,2023-12-06,2025-11-10,-0.0047884035917162,0.0047884035917162,2.2928808957161405e-05,1,12.0,1.09499,29.521859999999997
1.099981508693545,1.099981508693545,1.08748,1.0,1.0,-1.0,2023-12-06,2025-11-10,-0.0125015086935449,0.0125015086935449,0.0001562877196147,1,12.0,1.08748,30.609339999999992
1.0985539180397943,1.0985539180397943,1.08808,1.0,1.0,1.0,2023-12-06,2025-11-10,-0.0104739180397943,0.0104739180397943,0.0001097029591043,1,12.0,1.08808,31.697419999999997
1.0983472478507572,1.0983472478507572,1.08747,1.0,1.0,-1.0,2023-12-06,2025-11-10,-0.0108772478507572,0.0108772478507572,0.0001183145208068,1,12.0,1.08747,32.78489
1.0971908173022418,1.0971908173022418,1.08965,1.0,1.0,1.0,2023-12-06,2025-11-10,-0.0075408173022417,0.0075408173022417,5.686392558578877e-05,1,12.0,1.08965,33.87454
1.0966130626367183,1.0966130626367183,1.08813,1.0,1.0,-1.0,2023-12-06,2025-11-10,-0.0084830626367184,0.0084830626367184,7.196235169848938e-05,1,12.0,1.08813,34.96267
1.0949733252208738,1.0949733252208738,1.08525,1.0,1.0,-1.0,2023-12-06,2025-11-10,-0.0097233252208737,0.0097233252208737,9.454305335087884e-05,1,12.0,1.08525,36.04792
1.094159972820289,1.094159972820289,1.08839,1.0,1.0,1.0,2023-12-06,2025-11-10,-0.0057699728202891,0.0057699728202891,3.3292586346875254e-05,1,12.0,1.08839,37.13631
1.0934477885875222,1.0934477885875222,1.08466,1.0,1.0,-1.0,2023-12-06,2025-11-10,-0.0087877885875222,0.0087877885875222,7.722522825898668e-05,1,12.0,1.08466,38.22097
1.0921211463919056,1.0921211463919056,1.0853,1.0,1.0,1.0,2023-12-06,2025-11-10,-0.0068211463919056,0.0068211463919056,4.6528038099807806e-05,1,12.0,1.0853,39.30626999999999
1.0910538296913126,1.0910538296913126,1.08337,1.0,1.0,-1.0,2023-12-06,2025-11-10,-0.0076838296913126,0.0076838296913126,5.904123872509784e-05,1,12.0,1.08337,40.38963999999999
1.0886805387988887,1.0886805387988887,1.08449,1.0,1.0,1.0,2023-12-06,2025-11-10,-0.0041905387988887,0.0041905387988887,1.7560615424992005e-05,1,12.0,1.08449,41.47413
1.0877361995253352,1.0877361995253352,1.08174,1.0,1.0,-1.0,2023-12-06,2025-11-10,-0.0059961995253352,0.0059961995253352,3.595440874763074e-05,1,12.0,1.08174,42.55587
1.0872839221078754,1.0872839221078754,1.08709,1.0,1.0,1.0,2023-12-06,2025-11-10,-0.0001939221078754,0.0001939221078754,3.7605783922876806e-08,1,12.0,1.08709,43.64296
1.0872220024875183,1.0872220024875183,1.07881,0.0,1.0,-1.0,2023-12-06,2025-11-10,-0.0084120024875185,0.0084120024875185,7.076178585001742e-05,1,12.0,1.07881,44.72177
1.0861725807425175,1.0861725807425175,1.07407,1.0,1.0,-1.0,2023-12-06,2025-11-10,-0.0121025807425174,0.0121025807425174,0.0001464724606291,1,12.0,1.07407,45.79584
1.0832027158145667,1.0832027158145667,1.07543,1.0,1.0,1.0,2023-12-06,2025-11-10,-0.0077727158145668,0.0077727158145668,6.041511113401752e-05,1,12.0,1.07543,46.87127
1.0821636203942238,1.0821636203942238,1.07729,1.0,1.0,1.0,2023-12-06,2025-11-10,-0.0048736203942236,0.0048736203942236,2.3752175746992943e-05,1,12.0,1.07729,47.94855999999999
1.081110921875103,1.081110921875103,1.07777,1.0,1.0,1.0,2023-12-06,2025-11-10,-0.0033409218751028,0.0033409218751028,1.1161758975540545e-05,1,12.0,1.07777,49.02633
1.0800957286744948,1.0800957286744948,1.07842,1.0,1.0,1.0,2023-12-06,2025-11-10,-0.0016757286744948,0.0016757286744948,2.808066590524221e-06,1,12.0,1.07842,50.10475
1.0793848561227206,1.0793848561227206,1.07717,0.0,1.0,-1.0,2023-12-06,2025-11-10,-0.0022148561227206,0.0022148561227206,4.90558764435317e-06,1,12.0,1.07717,51.18192
1.0768914333703763,1.0768914333703763,1.07089,0.0,-1.0,-1.0,2023-12-06,2025-11-10,-0.0060014333703766,0.0060014333703766,3.601720249907006e-05,1,12.0,1.07089,52.25281
1.07565734612735,1.07565734612735,1.07274,1.0,1.0,1.0,2023-12-06,2025-11-10,-0.0029173461273499,0.0029173461273499,8.510908426763758e-06,1,12.0,1.07274,53.32555
1.0746783315406967,1.0746783315406967,1.07728,1.0,1.0,1.0,2023-12-06,2025-11-10,0.0026016684593033,0.0026016684593033,6.768678772133706e-06,1,12.0,1.07728,54.40283
1.0747386490275148,1.0747386490275148,1.07755,-1.0,-1.0,1.0,2023-12-06,2025-11-10,0.0028113509724851,0.0028113509724851,7.903694290493445e-06,1,12.0,1.07755,55.48038
1.0746745753865927,1.0746745753865927,1.07791,-1.0,-1.0,1.0,2023-12-06,2025-11-10,0.0032354246134072,0.0032354246134072,1.0467972429041136e-05,1,12.0,1.07791,56.55829000000001
1.073640794569317,1.073640794569317,1.08077,-1.0,-1.0,1.0,2023-12-06,2025-11-10,0.007129205430683,0.007129205430683,5.0825570072881006e-05,1,12.0,1.08077,57.63906000000001
1.073978664558425,1.073978664558425,1.08169,-1.0,-1.0,1.0,2023-12-06,2025-11-10,0.0077113354415749,0.0077113354415749,5.946469429249046e-05,1,12.0,1.08169,58.72075000000001
1.073045520974968,1.073045520974968,1.0823,-1.0,-1.0,1.0,2023-12-06,2025-11-10,0.0092544790250319,0.0092544790250319,8.564538202475647e-05,1,12.0,1.0823,59.80305000000001
1.0738691218693082,1.0738691218693082,1.08203,-1.0,-1.0,-1.0,2023-12-06,2025-11-10,0.0081608781306918,0.0081608781306918,6.659993186400506e-05,1,12.0,1.08203,60.885080000000016
1.0743089570055184,1.0743089570055184,1.08505,-1.0,-1.0,1.0,2023-12-06,2025-11-10,0.0107410429944816,0.0107410429944816,0.0001153700046093,1,12.0,1.08505,61.97013000000002
1.0740518425509424,1.0740518425509424,1.08442,-1.0,-1.0,-1.0,2023-12-06,2025-11-10,0.0103681574490575,0.0103681574490575,0.0001074986888884,1,12.0,1.08442,63.05455000000002
1.07455860813649,1.07455860813649,1.08372,-1.0,-1.0,-1.0,2023-12-06,2025-11-10,0.00916139186351,0.00916139186351,8.393110087678833e-05,1,12.0,1.08372,64.13827000000002
1.0750215513254848,1.0750215513254848,1.08042,-1.0,-1.0,-1.0,2023-12-06,2025-11-10,0.0053984486745151,0.0053984486745151,2.9143248091373957e-05,1,12.0,1.08042,65.21869000000002
1.0746671709259177,1.0746671709259177,1.08388,-1.0,-1.0,1.0,2023-12-06,2025-11-10,0.0092128290740822,0.0092128290740822,8.487621954825565e-05,1,12.0,1.08388,66.30257000000002
1.0751264254698731,1.0751264254698731,1.08555,-1.0,-1.0,1.0,2023-12-06,2025-11-10,0.0104235745301268,0.0104235745301268,0.0001086509059851,1,12.0,1.08555,67.38812000000001
1.0746869193934452,1.0746869193934452,1.08559,-1.0,-1.0,1.0,2023-12-06,2025-11-10,0.0109030806065548,0.0109030806065548,0.000118877166713,1,12.0,1.08559,68.47371000000001
1.0752302194658698,1.0752302194658698,1.08975,-1.0,-1.0,1.0,2023-12-06,2025-11-10,0.0145197805341301,0.0145197805341301,0.0002108240267593,1,12.0,1.08975,69.56346
1.0754370266881494,1.0754370266881494,1.09483,-1.0,-1.0,1.0,2023-12-06,2025-11-10,0.0193929733118505,0.0193929733118505,0.0003760874138741,1,12.0,1.09483,70.65829000000001
1.0764028734504705,1.0764028734504705,1.09393,-1.0,-1.0,-1.0,2023-12-06,2025-11-10,0.0175271265495295,0.0175271265495295,0.0003072001650832,1,12.0,1.09393,71.75222000000001
1.0765354490689896,1.0765354490689896,1.09255,-1.0,-1.0,-1.0,2023-12-06,2025-11-10,0.0160145509310103,0.0160145509310103,0.0002564658415219,1,12.0,1.09255,72.84477000000001
1.07548757531328,1.07548757531328,1.09253,-1.0,-1.0,-1.0,2023-12-06,2025-11-10,0.01704242468672,0.01704242468672,0.0002904442392025,1,12.0,1.09253,73.93730000000001
1.0755032951566674,1.0755032951566674,1.09477,-1.0,-1.0,1.0,2023-12-06,2025-11-10,0.0192667048433325,0.0192667048433325,0.00037120591552,1,12.0,1.09477,75.03207
1.0759289136148615,1.0759289136148615,1.08837,-1.0,-1.0,-1.0,2023-12-06,2025-11-10,0.0124410863851385,0.0124410863851385,0.0001547806304424,1,12.0,1.08837,76.12044
1.0753851019083072,1.0753851019083072,1.08838,-1.0,-1.0,1.0,2023-12-06,2025-11-10,0.0129948980916927,0.0129948980916927,0.0001688673764134,1,12.0,1.08838,77.20882
1.075877829002266,1.075877829002266,1.08719,-1.0,-1.0,-1.0,2023-12-06,2025-11-10,0.0113121709977341,0.0113121709977341,0.0001279652126819,1,12.0,1.08719,78.29601000000001
1.0749169483991703,1.0749169483991703,1.08647,-1.0,-1.0,-1.0,2023-12-06,2025-11-10,0.0115530516008295,0.0115530516008295,0.0001334730012914,1,12.0,1.08647,79.38248000000002
1.0756982243837965,1.0756982243837965,1.09196,-1.0,-1.0,1.0,2023-12-06,2025-11-10,0.0162617756162035,0.0162617756162035,0.0002644453461917,1,12.0,1.09196,80.47444000000002
1.0759568336712706,1.0759568336712706,1.08604,-1.0,-1.0,-1.0,2023-12-06,2025-11-10,0.0100831663287295,0.0100831663287295,0.0001016702432128,1,12.0,1.08604,81.56048000000001
1.0759384179757123,1.0759384179757123,1.08057,-1.0,-1.0,-1.0,2023-12-06,2025-11-10,0.0046315820242877,0.0046315820242877,2.1451552047705e-05,1,12.0,1.08057,82.64105
1.0754841129199997,1.0754841129199997,1.08357,-1.0,-1.0,1.0,2023-12-06,2025-11-10,0.0080858870800002,0.0080858870800002,6.538156987051485e-05,1,12.0,1.08357,83.72462
1.0750234358289408,1.0750234358289408,1.08315,-1.0,-1.0,-1.0,2023-12-06,2025-11-10,0.0081265641710592,0.0081265641710592,6.604104522634441e-05,1,12.0,1.08315,84.80777
1.075327997250581,1.075327997250581,1.08257,-1.0,-1.0,-1.0,2023-12-06,2025-11-10,0.0072420027494191,0.0072420027494191,5.244660382259392e-05,1,12.0,1.08257,85.89034000000001
1.0753125137695734,1.0753125137695734,1.07874,-1.0,-1.0,-1.0,2023-12-06,2025-11-10,0.0034274862304266,0.0034274862304266,1.1747661859764338e-05,1,12.0,1.07874,86.96908
1.0752354793623833,1.0752354793623833,1.0787,-1.0,-1.0,-1.0,2023-12-06,2025-11-10,0.0034645206376167,0.0034645206376167,1.2002903248472082e-05,1,12.0,1.0787,88.04778
1.0755917575467289,1.0755917575467289,1.07421,-1.0,-1.0,-1.0,2023-12-06,2025-11-10,-0.0013817575467289,0.0013817575467289,1.9092539179424865e-06,1,12.0,1.07421,89.12199
1.075797052612524,1.075797052612524,1.07678,1.0,1.0,1.0,2023-12-06,2025-11-10,0.000982947387476,0.000982947387476,9.661855665460177e-07,1,12.0,1.07678,90.19877
1.076585289304715,1.076585289304715,1.0836,0.0,-1.0,1.0,2023-12-06,2025-11-10,0.0070147106952849,0.0070147106952849,4.920616613854465e-05,1,12.0,1.0836,91.28237
1.076842781553796,1.076842781553796,1.08373,-1.0,-1.0,1.0,2023-12-06,2025-11-10,0.0068872184462041,0.0068872184462041,4.743377792573404e-05,1,12.0,1.08373,92.3661
1.077465058648242,1.077465058648242,1.08367,-1.0,-1.0,-1.0,2023-12-06,2025-11-10,0.0062049413517579,0.0062049413517579,3.8501297178756094e-05,1,12.0,1.08367,93.44977
1.0785193583349588,1.0785193583349588,1.08585,-1.0,-1.0,1.0,2023-12-06,2025-11-10,0.0073306416650411,0.0073306416650411,5.373830722123743e-05,1,12.0,1.08585,94.53562
1.0799046021779528,1.0799046021779528,1.08568,-1.0,-1.0,-1.0,2023-12-06,2025-11-10,0.0057753978220471,0.0057753978220471,3.335522000290717e-05,1,12.0,1.08568,95.6213
1.080789994207259,1.080789994207259,1.07412,-1.0,-1.0,-1.0,2023-12-06,2025-11-10,-0.006669994207259,0.006669994207259,4.448882272486862e-05,1,12.0,1.07412,96.69541999999998
1.0808099344969446,1.0808099344969446,1.07254,1.0,1.0,-1.0,2023-12-06,2025-11-10,-0.0082699344969445,0.0082699344969445,6.839181658375393e-05,1,12.0,1.07254,97.76796
1.081571218713566,1.081571218713566,1.06409,1.0,1.0,-1.0,2023-12-06,2025-11-10,-0.017481218713566,0.017481218713566,0.0003055930077115,1,12.0,1.06409,98.83204999999998
1.0809503207165223,1.0809503207165223,1.0622,1.0,1.0,-1.0,2023-12-06,2025-11-10,-0.0187503207165224,0.0187503207165224,0.0003515745269724,1,12.0,1.0622,99.89425
1.0794606343741864,1.0794606343741864,1.06178,1.0,1.0,-1.0,2023-12-06,2025-11-10,-0.0176806343741864,0.0176806343741864,0.0003126048318736,1,12.0,1.06178,100.95602999999998
1.078431623295846,1.078431623295846,1.06729,1.0,1.0,1.0,2023-12-06,2025-11-10,-0.0111416232958458,0.0111416232958458,0.0001241357696665,1,12.0,1.06729,102.02331999999998
1.078311752843003,1.078311752843003,1.06411,1.0,1.0,-1.0,2023-12-06,2025-11-10,-0.0142017528430031,0.0142017528430031,0.0002016897838137,1,12.0,1.06411,103.08742999999998
1.0768180554279911,1.0768180554279911,1.06567,1.0,1.0,1.0,2023-12-06,2025-11-10,-0.0111480554279912,0.0111480554279912,0.0001242791398255,1,12.0,1.06567,104.15309999999998
1.0766925680491657,1.0766925680491657,1.06539,1.0,1.0,-1.0,2023-12-06,2025-11-10,-0.0113025680491656,0.0113025680491656,0.000127748044506,1,12.0,1.06539,105.21848999999996
1.0750203189106031,1.0750203189106031,1.07021,1.0,1.0,1.0,2023-12-06,2025-11-10,-0.0048103189106034,0.0048103189106034,2.3139168021709278e-05,1,12.0,1.07021,106.28869999999998
1.0741998057542694,1.0741998057542694,1.06982,1.0,1.0,-1.0,2023-12-06,2025-11-10,-0.0043798057542694,0.0043798057542694,1.918269844513169e-05,1,12.0,1.06982,107.35851999999996
1.0734545205449464,1.0734545205449464,1.07297,1.0,1.0,1.0,2023-12-06,2025-11-10,-0.0004845205449464,0.0004845205449464,2.3476015847516575e-07,1,12.0,1.07297,108.43148999999995
1.073275073809539,1.073275073809539,1.06937,0.0,1.0,-1.0,2023-12-06,2025-11-10,-0.0039050738095387,0.0039050738095387,1.524960145794549e-05,1,12.0,1.06937,109.50085999999996
1.072772131662658,1.072772131662658,1.07196,1.0,1.0,1.0,2023-12-06,2025-11-10,-0.0008121316626579,0.0008121316626579,6.595578374915212e-07,1,12.0,1.07196,110.57281999999998
1.071314031424356,1.071314031424356,1.06664,0.0,-1.0,-1.0,2023-12-06,2025-11-10,-0.0046740314243558,0.0046740314243558,2.184656975586599e-05,1,12.0,1.06664,111.63946
1.0705266962388185,1.0705266962388185,1.07168,1.0,1.0,1.0,2023-12-06,2025-11-10,0.0011533037611815,0.0011533037611815,1.330109565555397e-06,1,12.0,1.07168,112.71114
1.0701894382713864,1.0701894382713864,1.07253,-1.0,-1.0,1.0,2023-12-06,2025-11-10,0.0023405617286136,0.0023405617286136,5.478229205450836e-06,1,12.0,1.07253,113.78367
1.0692719564670448,1.0692719564670448,1.07628,-1.0,-1.0,1.0,2023-12-06,2025-11-10,0.0070080435329551,0.0070080435329551,4.9112674159794416e-05,1,12.0,1.07628,114.85994999999998
1.0694806013915523,1.0694806013915523,1.07693,-1.0,-1.0,1.0,2023-12-06,2025-11-10,0.0074493986084476,0.0074493986084476,5.549353962754136e-05,1,12.0,1.07693,115.93688
1.069013501025659,1.069013501025659,1.07543,-1.0,-1.0,-1.0,2023-12-06,2025-11-10,0.0064164989743409,0.0064164989743409,4.1171459087718256e-05,1,12.0,1.07543,117.01231
1.0692118017559418,1.0692118017559418,1.07463,-1.0,-1.0,-1.0,2023-12-06,2025-11-10,0.0054181982440582,0.0054181982440582,2.93568722119154e-05,1,12.0,1.07463,118.08693999999998
1.0693030897631728,1.0693030897631728,1.07818,-1.0,-1.0,1.0,2023-12-06,2025-11-10,0.0088769102368271,0.0088769102368271,7.879953535268628e-05,1,12.0,1.07818,119.16512
1.0698273457868166,1.0698273457868166,1.07692,-1.0,-1.0,-1.0,2023-12-06,2025-11-10,0.0070926542131835,0.0070926542131835,5.030574378778969e-05,1,12.0,1.07692,120.24204
1.0700009497849754,1.0700009497849754,1.07894,-1.0,-1.0,1.0,2023-12-06,2025-11-10,0.0089390502150246,0.0089390502150246,7.990661874673159e-05,1,12.0,1.07894,121.32098
1.0699930404451954,1.0699930404451954,1.0819,-1.0,-1.0,1.0,2023-12-06,2025-11-10,0.0119069595548046,0.0119069595548046,0.0001417756858397,1,12.0,1.0819,122.40288
1.0710962117783651,1.0710962117783651,1.08834,-1.0,-1.0,1.0,2023-12-06,2025-11-10,0.0172437882216347,0.0172437882216347,0.0002973482322325,1,12.0,1.08834,123.49122
1.072252440963151,1.072252440963151,1.08666,-1.0,-1.0,-1.0,2023-12-06,2025-11-10,0.0144075590368488,0.0144075590368488,0.0002075777574002,1,12.0,1.08666,124.57788
1.072947196405514,1.072947196405514,1.08696,-1.0,-1.0,1.0,2023-12-06,2025-11-10,0.0140128035944859,0.0140128035944859,0.0001963586645776,1,12.0,1.08696,125.66484
1.0746908101936674,1.0746908101936674,1.08569,-1.0,-1.0,-1.0,2023-12-06,2025-11-10,0.0109991898063326,0.0109991898063326,0.0001209821763957,1,12.0,1.08569,126.75053
1.075811230637342,1.075811230637342,1.08534,-1.0,-1.0,-1.0,2023-12-06,2025-11-10,0.009528769362658,0.009528769362658,9.079744556672988e-05,1,12.0,1.08534,127.83587
1.0761506514152364,1.0761506514152364,1.08215,-1.0,-1.0,-1.0,2023-12-06,2025-11-10,0.0059993485847635,0.0059993485847635,3.599218344150485e-05,1,12.0,1.08215,128.91802
1.0770548020086963,1.0770548020086963,1.08138,-1.0,-1.0,-1.0,2023-12-06,2025-11-10,0.0043251979913034,0.0043251979913034,1.8707337663975715e-05,1,12.0,1.08138,129.9994
1.0774344472032182,1.0774344472032182,1.08456,-1.0,-1.0,1.0,2023-12-06,2025-11-10,0.0071255527967817,0.0071255527967817,5.0773502659723954e-05,1,12.0,1.08456,131.08396000000002
1.0787868061223258,1.0787868061223258,1.08587,-1.0,-1.0,1.0,2023-12-06,2025-11-10,0.007083193877674,0.007083193877674,5.017163550871968e-05,1,12.0,1.08587,132.16983000000002
1.0791077039962824,1.0791077039962824,1.08559,-1.0,-1.0,-1.0,2023-12-06,2025-11-10,0.0064822960037176,0.0064822960037176,4.202016147981363e-05,1,12.0,1.08559,133.25542000000002
1.0802298765582474,1.0802298765582474,1.08003,-1.0,-1.0,-1.0,2023-12-06,2025-11-10,-0.0001998765582473,0.0001998765582473,3.9950638536818494e-08,1,12.0,1.08003,134.33545
1.080028298295714,1.080028298295714,1.08317,0.0,-1.0,1.0,2023-12-06,2025-11-10,0.003141701704286,0.003141701704286,9.870289598714e-06,1,12.0,1.08317,135.41862
1.0797370298990334,1.0797370298990334,1.08489,-1.0,-1.0,1.0,2023-12-06,2025-11-10,0.0051529701009664,0.0051529701009664,2.6553100861454617e-05,1,12.0,1.08489,136.50351
1.0808069326467304,1.0808069326467304,1.0902,-1.0,-1.0,1.0,2023-12-06,2025-11-10,0.0093930673532696,0.0093930673532696,8.822971430305941e-05,1,12.0,1.0902,137.59371000000002
1.0812324881640634,1.0812324881640634,1.08781,-1.0,-1.0,-1.0,2023-12-06,2025-11-10,0.0065775118359365,0.0065775118359365,4.326366195188577e-05,1,12.0,1.08781,138.68152
1.0811872996100111,1.0811872996100111,1.08687,-1.0,-1.0,-1.0,2023-12-06,2025-11-10,0.0056827003899888,0.0056827003899888,3.229308372237954e-05,1,12.0,1.08687,139.76839
1.0809846908424323,1.0809846908424323,1.08891,-1.0,-1.0,1.0,2023-12-06,2025-11-10,0.0079253091575677,0.0079253091575677,6.281052524302689e-05,1,12.0,1.08891,140.8573
1.0817916076237422,1.0817916076237422,1.08014,-1.0,-1.0,-1.0,2023-12-06,2025-11-10,-0.001651607623742,0.001651607623742,2.727807742802885e-06,1,12.0,1.08014,141.93744
1.0815951822416363,1.0815951822416363,1.07644,1.0,1.0,-1.0,2023-12-06,2025-11-10,-0.0051551822416362,0.0051551822416362,2.657590394448172e-05,1,12.0,1.07644,143.01388
1.0804848820619186,1.0804848820619186,1.07396,1.0,1.0,-1.0,2023-12-06,2025-11-10,-0.0065248820619185,0.0065248820619185,4.2574085921947e-05,1,12.0,1.07396,144.08784
1.0800569710191097,1.0800569710191097,1.0809,1.0,1.0,1.0,2023-12-06,2025-11-10,0.0008430289808902,0.0008430289808902,7.106978626209063e-07,1,12.0,1.0809,145.16874
1.079549319044879,1.079549319044879,1.07383,-1.0,-1.0,-1.0,2023-12-06,2025-11-10,-0.0057193190448789,0.0057193190448789,3.271061033711552e-05,1,12.0,1.07383,146.24257
1.0782131985450052,1.0782131985450052,1.07052,1.0,1.0,-1.0,2023-12-06,2025-11-10,-0.0076931985450052,0.0076931985450052,5.918530385287129e-05,1,12.0,1.07052,147.31309
1.077624297208993,1.077624297208993,1.07335,1.0,1.0,1.0,2023-12-06,2025-11-10,-0.004274297208993,0.004274297208993,1.826961663080606e-05,1,12.0,1.07335,148.38644
1.0758541585553092,1.0758541585553092,1.07387,1.0,1.0,1.0,2023-12-06,2025-11-10,-0.001984158555309,0.001984158555309,3.936885172606256e-06,1,12.0,1.07387,149.46031
1.0763783389951886,1.0763783389951886,1.07437,1.0,1.0,1.0,2023-12-06,2025-11-10,-0.0020083389951885,0.0020083389951885,4.033425519595142e-06,1,12.0,1.07437,150.53467999999998
1.0771670027748337,1.0771670027748337,1.07018,1.0,1.0,-1.0,2023-12-06,2025-11-10,-0.0069870027748337,0.0069870027748337,4.881820777553484e-05,1,12.0,1.07018,151.60485999999997
1.0735275766623769,1.0735275766623769,1.06923,1.0,1.0,-1.0,2023-12-06,2025-11-10,-0.0042975766623769,0.0042975766623769,1.8469165169007054e-05,1,12.0,1.06923,152.67408999999998
1.07323168960286,1.07323168960286,1.07344,1.0,1.0,1.0,2023-12-06,2025-11-10,0.0002083103971399,0.0002083103971399,4.3393221556614894e-08,1,12.0,1.07344,153.74752999999998
1.069856254777226,1.069856254777226,1.07128,-1.0,-1.0,-1.0,2023-12-06,2025-11-10,0.0014237452227738,0.0014237452227738,2.027050459371464e-06,1,12.0,1.07128,154.81880999999998
1.06951612449269,1.06951612449269,1.06788,-1.0,-1.0,-1.0,2023-12-06,2025-11-10,-0.0016361244926901,0.0016361244926901,2.676903355580527e-06,1,12.0,1.06788,155.88669
1.0688008418407924,1.0688008418407924,1.07028,0.0,1.0,1.0,2023-12-06,2025-11-10,0.0014791581592075,0.0014791581592075,2.187908859950169e-06,1,12.0,1.07028,156.95696999999998
1.0682186012534118,1.0682186012534118,1.07125,-1.0,-1.0,1.0,2023-12-06,2025-11-10,0.0030313987465881,0.0030313987465881,9.189378360816502e-06,1,12.0,1.07125,158.02821999999998
1.0675153005763771,1.0675153005763771,1.07393,-1.0,-1.0,1.0,2023-12-06,2025-11-10,0.0064146994236227,0.0064146994236227,4.114836869542561e-05,1,12.0,1.07393,159.10214999999997
1.0683139598411595,1.0683139598411595,1.07452,-1.0,-1.0,1.0,2023-12-06,2025-11-10,0.0062060401588404,0.0062060401588404,3.851493445313989e-05,1,12.0,1.07452,160.17666999999997
1.0671600823935046,1.0671600823935046,1.0788,-1.0,-1.0,1.0,2023-12-06,2025-11-10,0.0116399176064954,0.0116399176064954,0.000135487681886,1,12.0,1.0788,161.25546999999997
1.0668539246337885,1.0668539246337885,1.0811,-1.0,-1.0,1.0,2023-12-06,2025-11-10,0.0142460753662114,0.0142460753662114,0.0002029506633397,1,12.0,1.0811,162.33656999999997
1.068023451987899,1.068023451987899,1.08388,-1.0,-1.0,1.0,2023-12-06,2025-11-10,0.0158565480121009,0.0158565480121009,0.00025143011486,1,12.0,1.08388,163.42044999999996
1.0687914502903333,1.0687914502903333,1.0823,-1.0,-1.0,-1.0,2023-12-06,2025-11-10,0.0135085497096667,0.0135085497096667,0.0001824809152585,1,12.0,1.0823,164.50274999999996
1.0688629373278984,1.0688629373278984,1.08143,-1.0,-1.0,-1.0,2023-12-06,2025-11-10,0.0125670626721017,0.0125670626721017,0.0001579310642045,1,12.0,1.08143,165.58417999999998
1.0702120680806737,1.0702120680806737,1.08287,-1.0,-1.0,1.0,2023-12-06,2025-11-10,0.0126579319193265,0.0126579319193265,0.0001602232404743,1,12.0,1.08287,166.66705
1.0705800921605837,1.0705800921605837,1.08668,-1.0,-1.0,1.0,2023-12-06,2025-11-10,0.0160999078394166,0.0160999078394166,0.0002592070324377,1,12.0,1.08668,167.75373
1.0710993329199952,1.0710993329199952,1.09044,-1.0,-1.0,1.0,2023-12-06,2025-11-10,0.0193406670800049,0.0193406670800049,0.0003740614030995,1,12.0,1.09044,168.84417
1.0724825163252916,1.0724825163252916,1.08947,-1.0,-1.0,-1.0,2023-12-06,2025-11-10,0.0169874836747083,0.0169874836747083,0.0002885746015984,1,12.0,1.08947,169.93364
1.074600058379559,1.074600058379559,1.08983,-1.0,-1.0,1.0,2023-12-06,2025-11-10,0.0152299416204411,0.0152299416204411,0.000231951121762,1,12.0,1.08983,171.02347
1.0758976625190566,1.0758976625190566,1.09391,-1.0,-1.0,1.0,2023-12-06,2025-11-10,0.0180123374809433,0.0180123374809433,0.0003244443015273,1,12.0,1.09391,172.11738
1.0773556110307396,1.0773556110307396,1.08951,-1.0,-1.0,-1.0,2023-12-06,2025-11-10,0.0121543889692603,0.0121543889692603,0.000147729171216,1,12.0,1.08951,173.20689
1.0783961282338246,1.0783961282338246,1.08813,-1.0,-1.0,-1.0,2023-12-06,2025-11-10,0.0097338717661754,0.0097338717661754,9.47482595603478e-05,1,12.0,1.08813,174.29502
1.0794163886964407,1.0794163886964407,1.08901,-1.0,-1.0,1.0,2023-12-06,2025-11-10,0.0095936113035592,0.0095936113035592,9.20373778437806e-05,1,12.0,1.08901,175.38403
1.0823834750370993,1.0823834750370993,1.08553,-1.0,-1.0,-1.0,2023-12-06,2025-11-10,0.0031465249629005,0.0031465249629005,9.900619342156474e-06,1,12.0,1.08553,176.46956
1.0834939542415924,1.0834939542415924,1.08385,-1.0,-1.0,-1.0,2023-12-06,2025-11-10,0.0003560457584075,0.0003560457584075,1.267685820799936e-07,1,12.0,1.08385,177.55341
1.0839706952650787,1.0839706952650787,1.08449,0.0,1.0,1.0,2023-12-06,2025-11-10,0.0005193047349212,0.0005193047349212,2.696774077116123e-07,1,12.0,1.08449,178.6379
1.084673982682307,1.084673982682307,1.08548,0.0,1.0,1.0,2023-12-06,2025-11-10,0.0008060173176929,0.0008060173176929,6.496639164208891e-07,1,12.0,1.08548,179.72338
1.0852614075688611,1.0852614075688611,1.08213,0.0,-1.0,-1.0,2023-12-06,2025-11-10,-0.0031314075688611,0.0031314075688611,9.805713362320583e-06,1,12.0,1.08213,180.80551
1.0858113253049655,1.0858113253049655,1.08141,1.0,1.0,-1.0,2023-12-06,2025-11-10,-0.0044013253049655,0.0044013253049655,1.937166444012973e-05,1,12.0,1.08141,181.88692
1.086748829295913,1.086748829295913,1.08258,1.0,1.0,1.0,2023-12-06,2025-11-10,-0.004168829295913,0.004168829295913,1.737913769846249e-05,1,12.0,1.08258,182.9695
1.086601101085721,1.086601101085721,1.07891,1.0,1.0,-1.0,2023-12-06,2025-11-10,-0.007691101085721,0.007691101085721,5.915303591077904e-05,1,12.0,1.07891,184.04841
1.0864512683189425,1.0864512683189425,1.09103,1.0,1.0,1.0,2023-12-06,2025-11-10,0.0045787316810574,0.0045787316810574,2.0964783807119555e-05,1,12.0,1.09103,185.13944
1.0862082721382156,1.0862082721382156,1.09495,-1.0,-1.0,1.0,2023-12-06,2025-11-10,0.0087417278617845,0.0087417278617845,7.641780600949958e-05,1,12.0,1.09495,186.23439
1.0858674179013978,1.0858674179013978,1.09276,-1.0,-1.0,-1.0,2023-12-06,2025-11-10,0.0068925820986021,0.0068925820986021,4.750768798597023e-05,1,12.0,1.09276,187.32715
1.0857837219529614,1.0857837219529614,1.09212,-1.0,-1.0,-1.0,2023-12-06,2025-11-10,0.0063362780470386,0.0063362780470386,4.01484194893836e-05,1,12.0,1.09212,188.41927
1.085777424442601,1.085777424442601,1.09178,-1.0,-1.0,-1.0,2023-12-06,2025-11-10,0.0060025755573989,0.0060025755573989,3.6030913322282894e-05,1,12.0,1.09178,189.51105
1.0858893791097617,1.0858893791097617,1.09153,-1.0,-1.0,-1.0,2023-12-06,2025-11-10,0.0056406208902386,0.0056406208902386,3.181660402739661e-05,1,12.0,1.09153,190.60258
1.085450051409514,1.085450051409514,1.093,-1.0,-1.0,1.0,2023-12-06,2025-11-10,0.0075499485904859,0.0075499485904859,5.700172371898103e-05,1,12.0,1.093,191.69558
1.0848041262450103,1.0848041262450103,1.09933,-1.0,-1.0,1.0,2023-12-06,2025-11-10,0.0145258737549895,0.0145258737549895,0.0002110010083458,1,12.0,1.09933,192.79491
1.0848041409484486,1.0848041409484486,1.10118,-1.0,-1.0,1.0,2023-12-06,2025-11-10,0.0163758590515514,0.0163758590515514,0.0002681687596762,1,12.0,1.10118,193.89609
1.085123800597955,1.085123800597955,1.09707,-1.0,-1.0,-1.0,2023-12-06,2025-11-10,0.0119461994020448,0.0119461994020448,0.0001427116801534,1,12.0,1.09707,194.99316
1.086565160307623,1.086565160307623,1.10264,-1.0,-1.0,1.0,2023-12-06,2025-11-10,0.0160748396923771,0.0160748396923771,0.0002584004711356,1,12.0,1.10264,196.09580000000005
1.086270705463534,1.086270705463534,1.10844,-1.0,-1.0,1.0,2023-12-06,2025-11-10,0.0221692945364662,0.0221692945364662,0.0004914776202445,1,12.0,1.10844,197.20424000000003
1.0872613761559493,1.0872613761559493,1.11286,-1.0,-1.0,1.0,2023-12-06,2025-11-10,0.0255986238440506,0.0255986238440506,0.0006552895427091,1,12.0,1.11286,198.31710000000004
1.08814206076429,1.08814206076429,1.11506,-1.0,-1.0,1.0,2023-12-06,2025-11-10,0.0269179392357099,0.0269179392357099,0.0007245754526973,1,12.0,1.11506,199.43216000000004
1.0898370428900157,1.0898370428900157,1.11107,-1.0,-1.0,-1.0,2023-12-06,2025-11-10,0.0212329571099842,0.0212329571099842,0.0004508384676344,1,12.0,1.11107,200.54323000000005
1.0904410702485374,1.0904410702485374,1.11928,-1.0,-1.0,1.0,2023-12-06,2025-11-10,0.0288389297514626,0.0288389297514626,0.0008316838692097,1,12.0,1.11928,201.66251000000003
1.0926556848780846,1.0926556848780846,1.11606,-1.0,-1.0,-1.0,2023-12-06,2025-11-10,0.0234043151219154,0.0234043151219154,0.0005477619663259,1,12.0,1.11606,202.7785700000001
1.0942998976902816,1.0942998976902816,1.11841,-1.0,-1.0,1.0,2023-12-06,2025-11-10,0.0241101023097183,0.0241101023097183,0.000581297033385,1,12.0,1.11841,203.89698000000007
1.0951666974604215,1.0951666974604215,1.11191,-1.0,-1.0,-1.0,2023-12-06,2025-11-10,0.0167433025395782,0.0167433025395782,0.0002803381799318,1,12.0,1.11191,205.0088900000001
1.095951013522846,1.095951013522846,1.10777,-1.0,-1.0,-1.0,2023-12-06,2025-11-10,0.0118189864771538,0.0118189864771538,0.0001396884413471,1,12.0,1.10777,206.11666000000005
1.0971204295511272,1.0971204295511272,1.10479,-1.0,-1.0,-1.0,2023-12-06,2025-11-10,0.0076695704488727,0.0076695704488727,5.8822310870221865e-05,1,12.0,1.10479,207.2214500000001
1.0974106500888332,1.0974106500888332,1.10712,-1.0,-1.0,1.0,2023-12-06,2025-11-10,0.0097093499111668,0.0097093499111668,9.427147569747664e-05,1,12.0,1.10712,208.32857000000007
1.098484871732552,1.098484871732552,1.10438,-1.0,-1.0,-1.0,2023-12-06,2025-11-10,0.0058951282674479,0.0058951282674479,3.475253728966422e-05,1,12.0,1.10438,209.4329500000001
1.0974995290347238,1.0974995290347238,1.10815,-1.0,-1.0,1.0,2023-12-06,2025-11-10,0.0106504709652761,0.0106504709652761,0.0001134325317821,1,12.0,1.10815,210.54110000000009
1.098456917063265,1.098456917063265,1.11106,-1.0,-1.0,1.0,2023-12-06,2025-11-10,0.0126030829367349,0.0126030829367349,0.0001588376995102,1,12.0,1.11106,211.65216000000007
1.0981037631843018,1.0981037631843018,1.10857,-1.0,-1.0,-1.0,2023-12-06,2025-11-10,0.0104662368156982,0.0104662368156982,0.0001095421130822,1,12.0,1.10857,212.76073000000005
1.0983910400651835,1.0983910400651835,1.10345,-1.0,-1.0,-1.0,2023-12-06,2025-11-10,0.0050589599348165,0.0050589599348165,2.5593075622078885e-05,1,12.0,1.10345,213.8641800000001
1.0977248822219536,1.0977248822219536,1.10183,-1.0,-1.0,-1.0,2023-12-06,2025-11-10,0.0041051177780464,0.0041051177780464,1.6851991971633038e-05,1,12.0,1.10183,214.96601000000007
1.0971482260250616,1.0971482260250616,1.10136,-1.0,-1.0,-1.0,2023-12-06,2025-11-10,0.0042117739749385,0.0042117739749385,1.773904001596966e-05,1,12.0,1.10136,216.06737000000007
1.0967532465192578,1.0967532465192578,1.10726,-1.0,-1.0,1.0,2023-12-06,2025-11-10,0.0105067534807421,0.0105067534807421,0.000110391868705,1,12.0,1.10726,217.1746300000001
1.096178610549332,1.096178610549332,1.1074,-1.0,-1.0,1.0,2023-12-06,2025-11-10,0.0112213894506678,0.0112213894506678,0.0001259195812035,1,12.0,1.1074,218.28203000000008
1.096267684871785,1.096267684871785,1.11325,-1.0,-1.0,1.0,2023-12-06,2025-11-10,0.0169823151282151,0.0169823151282151,0.000288399027114,1,12.0,1.11325,219.39528000000007
1.094548720982891,1.094548720982891,1.11125,-1.0,-1.0,-1.0,2023-12-06,2025-11-10,0.016701279017109,0.016701279017109,0.0002789327208073,1,12.0,1.11125,220.50653000000008
1.0944971210672705,1.0944971210672705,1.11172,-1.0,-1.0,1.0,2023-12-06,2025-11-10,0.0172228789327295,0.0172228789327295,0.0002966275587314,1,12.0,1.11172,221.61825000000007
1.094038664124284,1.094038664124284,1.11617,-1.0,-1.0,1.0,2023-12-06,2025-11-10,0.0221313358757158,0.0221313358757158,0.0004897960276437,1,12.0,1.11617,222.73442000000009
1.095065533980489,1.095065533980489,1.11625,-1.0,-1.0,1.0,2023-12-06,2025-11-10,0.021184466019511,0.021184466019511,0.0004487816005318,1,12.0,1.11625,223.8506700000001
1.0955144167355173,1.0955144167355173,1.11112,-1.0,-1.0,-1.0,2023-12-06,2025-11-10,0.0156055832644828,0.0156055832644828,0.0002435342290247,1,12.0,1.11112,224.9617900000001
1.09389742604819,1.09389742604819,1.11798,-1.0,-1.0,1.0,2023-12-06,2025-11-10,0.02408257395181,0.02408257395181,0.0005799703681443,1,12.0,1.11798,226.07977000000008
1.094945063786856,1.094945063786856,1.11313,-1.0,-1.0,-1.0,2023-12-06,2025-11-10,0.0181849362131438,0.0181849362131438,0.0003306919050761,1,12.0,1.11313,227.1929000000001
1.095262714203673,1.095262714203673,1.11746,-1.0,-1.0,1.0,2023-12-06,2025-11-10,0.0221972857963268,0.0221972857963268,0.0004927194967238,1,12.0,1.11746,228.3103600000001
1.0958858870661623,1.0958858870661623,1.11588,-1.0,-1.0,-1.0,2023-12-06,2025-11-10,0.0199941129338376,0.0199941129338376,0.000399764552011,1,12.0,1.11588,229.4262400000001
1.097362666053626,1.097362666053626,1.11346,-1.0,-1.0,-1.0,2023-12-06,2025-11-10,0.0160973339463739,0.0160973339463739,0.000259124160181,1,12.0,1.11346,230.5397000000001
1.0973311766589966,1.0973311766589966,1.10683,-1.0,-1.0,-1.0,2023-12-06,2025-11-10,0.0094988233410033,0.0094988233410033,9.022764486359064e-05,1,12.0,1.10683,231.6465300000001
1.0981561481173192,1.0981561481173192,1.10474,-1.0,-1.0,-1.0,2023-12-06,2025-11-10,0.0065838518826808,0.0065838518826808,4.334710561308013e-05,1,12.0,1.10474,232.7512700000001
1.0988286171029318,1.0988286171029318,1.10279,-1.0,-1.0,-1.0,2023-12-06,2025-11-10,0.0039613828970681,0.0039613828970681,1.5692554457184092e-05,1,12.0,1.10279,233.8540600000001
1.0989014190100932,1.0989014190100932,1.09752,-1.0,-1.0,-1.0,2023-12-06,2025-11-10,-0.0013814190100931,0.0013814190100931,1.90831848144672e-06,1,12.0,1.09752,234.9515800000001
1.0986266660924784,1.0986266660924784,1.09737,0.0,1.0,-1.0,2023-12-06,2025-11-10,-0.0012566660924784,0.0012566660924784,1.579209667985009e-06,1,12.0,1.09737,236.0489500000001
1.1002349010387882,1.1002349010387882,1.09796,1.0,1.0,1.0,2023-12-06,2025-11-10,-0.0022749010387881,0.0022749010387881,5.175174736279337e-06,1,12.0,1.09796,237.1469100000001
1.100422354493874,1.100422354493874,1.09396,1.0,1.0,-1.0,2023-12-06,2025-11-10,-0.006462354493874,0.006462354493874,4.176202560449349e-05,1,12.0,1.09396,238.2408700000001
1.1006139167277285,1.1006139167277285,1.09359,1.0,1.0,-1.0,2023-12-06,2025-11-10,-0.0070239167277283,0.0070239167277283,4.933540619806278e-05,1,12.0,1.09359,239.3344600000001
1.1004592067281709,1.1004592067281709,1.09348,1.0,1.0,-1.0,2023-12-06,2025-11-10,-0.0069792067281706,0.0069792067281706,4.870932655454248e-05,1,12.0,1.09348,240.4279400000001
1.0997916187017491,1.0997916187017491,1.09078,1.0,1.0,-1.0,2023-12-06,2025-11-10,-0.009011618701749,0.009011618701749,8.120927162571317e-05,1,12.0,1.09078,241.5187200000001
1.100752619881776,1.100752619881776,1.08913,1.0,1.0,-1.0,2023-12-06,2025-11-10,-0.0116226198817759,0.0116226198817759,0.0001350852929162,1,12.0,1.08913,242.60785000000013
1.0997160443287275,1.0997160443287275,1.08616,1.0,1.0,-1.0,2023-12-06,2025-11-10,-0.0135560443287274,0.0135560443287274,0.0001837663378424,1,12.0,1.08616,243.69401000000013
1.0993902701666882,1.0993902701666882,1.083,1.0,1.0,-1.0,2023-12-06,2025-11-10,-0.0163902701666882,0.0163902701666882,0.000268640956137,1,12.0,1.083,244.77701000000013
1.0981336008366704,1.0981336008366704,1.08671,1.0,1.0,1.0,2023-12-06,2025-11-10,-0.0114236008366703,0.0114236008366703,0.0001304986560755,1,12.0,1.08671,245.86372000000011
1.098593100885245,1.098593100885245,1.08126,1.0,1.0,-1.0,2023-12-06,2025-11-10,-0.017333100885245,0.017333100885245,0.000300436386298,1,12.0,1.08126,246.94498000000013
1.0986853317629746,1.0986853317629746,1.07977,1.0,1.0,-1.0,2023-12-06,2025-11-10,-0.0189153317629746,0.0189153317629746,0.0003577897757033,1,12.0,1.07977,248.02475000000013
1.0976529661132923,1.0976529661132923,1.07834,1.0,1.0,-1.0,2023-12-06,2025-11-10,-0.0193129661132924,0.0193129661132924,0.0003729906600931,1,12.0,1.07834,249.1030900000001
1.096814317361641,1.096814317361641,1.08277,1.0,1.0,1.0,2023-12-06,2025-11-10,-0.0140443173616409,0.0140443173616409,0.0001972428501544,1,12.0,1.08277,250.18586000000013
1.096480917713332,1.096480917713332,1.07942,1.0,1.0,-1.0,2023-12-06,2025-11-10,-0.017060917713332,0.017060917713332,0.000291074913221,1,12.0,1.07942,251.26528000000013
1.095927949943506,1.095927949943506,1.08132,1.0,1.0,1.0,2023-12-06,2025-11-10,-0.0146079499435058,0.0146079499435058,0.0002133922015519,1,12.0,1.08132,252.3466000000001
1.0962055697421855,1.0962055697421855,1.08143,1.0,1.0,1.0,2023-12-06,2025-11-10,-0.0147755697421856,0.0147755697421856,0.0002183174612061,1,12.0,1.08143,253.42803000000012
1.0960974055024415,1.0960974055024415,1.08551,1.0,1.0,1.0,2023-12-06,2025-11-10,-0.0105874055024417,0.0105874055024417,0.0001120931552731,1,12.0,1.08551,254.51354000000012
1.0960957672305234,1.0960957672305234,1.08813,1.0,1.0,1.0,2023-12-06,2025-11-10,-0.0079657672305233,0.0079657672305233,6.345344757087941e-05,1,12.0,1.08813,255.60167000000013
1.0957516199980777,1.0957516199980777,1.08312,1.0,1.0,-1.0,2023-12-06,2025-11-10,-0.0126316199980773,0.0126316199980773,0.0001595578237758,1,12.0,1.08312,256.68479000000013
1.0960973300671149,1.0960973300671149,1.08768,1.0,1.0,1.0,2023-12-06,2025-11-10,-0.0084173300671148,0.0084173300671148,7.085144545875603e-05,1,12.0,1.08768,257.7724700000001
1.0975632268317197,1.0975632268317197,1.09284,1.0,1.0,1.0,2023-12-06,2025-11-10,-0.0047232268317194,0.0047232268317194,2.2308871703874465e-05,1,12.0,1.09284,258.86531000000014
1.09807681644263,1.09807681644263,1.07286,1.0,1.0,-1.0,2023-12-06,2025-11-10,-0.02521681644263,0.02521681644263,0.0006358878315012,1,12.0,1.07286,259.9381700000001
1.0974496156956488,1.0974496156956488,1.08017,1.0,1.0,1.0,2023-12-06,2025-11-10,-0.0172796156956487,0.0172796156956487,0.0002985851185893,1,12.0,1.08017,261.01834000000014
1.0975755875917628,1.0975755875917628,1.07174,1.0,1.0,-1.0,2023-12-06,2025-11-10,-0.0258355875917628,0.0258355875917628,0.0006674775862116,1,12.0,1.07174,262.0900800000001
1.0971504074649534,1.0971504074649534,1.06555,1.0,1.0,-1.0,2023-12-06,2025-11-10,-0.0316004074649534,0.0316004074649534,0.000998585751951,1,12.0,1.06555,263.1556300000001
1.097619198496965,1.097619198496965,1.06239,1.0,1.0,-1.0,2023-12-06,2025-11-10,-0.035229198496965,0.035229198496965,0.0012410964267385,1,12.0,1.06239,264.2180200000001
1.0972342326737026,1.0972342326737026,1.05635,1.0,1.0,-1.0,2023-12-06,2025-11-10,-0.0408842326737026,0.0408842326737026,0.0016715204813174,1,12.0,1.05635,265.2743700000001
1.0959853360295329,1.0959853360295329,1.05286,1.0,1.0,-1.0,2023-12-06,2025-11-10,-0.0431253360295329,0.0431253360295329,0.0018597946076601,1,12.0,1.05286,266.3272300000001
1.0951014372272638,1.0951014372272638,1.05332,1.0,1.0,1.0,2023-12-06,2025-11-10,-0.0417814372272637,0.0417814372272637,0.0017456884967757,1,12.0,1.05332,267.3805500000001
1.094228509259988,1.094228509259988,1.05988,1.0,1.0,1.0,2023-12-06,2025-11-10,-0.034348509259988,0.034348509259988,0.0011798200883834,1,12.0,1.05988,268.4404300000001
1.0952509389350706,1.0952509389350706,1.05955,1.0,1.0,-1.0,2023-12-06,2025-11-10,-0.0357009389350706,0.0357009389350706,0.0012745570408456,1,12.0,1.05955,269.4999800000001
1.094424734169846,1.094424734169846,1.05428,1.0,1.0,-1.0,2023-12-06,2025-11-10,-0.0401447341698459,0.0401447341698459,0.0016115996815676,1,12.0,1.05428,270.5542600000001
1.0937863769244762,1.0937863769244762,1.0472,1.0,1.0,-1.0,2023-12-06,2025-11-10,-0.0465863769244763,0.0465863769244763,0.0021702905149493,1,12.0,1.0472,271.6014600000001
1.093240175974057,1.093240175974057,1.04154,1.0,1.0,-1.0,2023-12-06,2025-11-10,-0.0517001759740571,0.0517001759740571,0.0026729081957484,1,12.0,1.04154,272.6430000000001
1.0911002720880203,1.0911002720880203,1.04929,1.0,1.0,1.0,2023-12-06,2025-11-10,-0.0418102720880202,0.0418102720880202,0.0017480988520742,1,12.0,1.04929,273.69229000000007
1.0918439340809698,1.0918439340809698,1.04892,1.0,1.0,-1.0,2023-12-06,2025-11-10,-0.0429239340809697,0.0429239340809697,0.0018424641169874,1,12.0,1.04892,274.7412100000001
1.0904002683823109,1.0904002683823109,1.05654,1.0,1.0,1.0,2023-12-06,2025-11-10,-0.0338602683823108,0.0338602683823108,0.0011465177749221,1,12.0,1.05654,275.79775000000006
1.0900532579912632,1.0900532579912632,1.05547,1.0,1.0,-1.0,2023-12-06,2025-11-10,-0.0345832579912632,0.0345832579912632,0.0011960017332902,1,12.0,1.05547,276.8532200000001
1.0887905165486305,1.0887905165486305,1.0576,1.0,1.0,1.0,2023-12-06,2025-11-10,-0.0311905165486303,0.0311905165486303,0.0009728483225703,1,12.0,1.0576,277.91082000000006
1.0875013465859402,1.0875013465859402,1.04986,1.0,1.0,-1.0,2023-12-06,2025-11-10,-0.0376413465859402,0.0376413465859402,0.0014168709728028,1,12.0,1.04986,278.9606800000001
1.0888457641110405,1.0888457641110405,1.05103,1.0,1.0,1.0,2023-12-06,2025-11-10,-0.0378157641110403,0.0378157641110403,0.0014300320153018,1,12.0,1.05103,280.0117100000001
1.085569306270495,1.085569306270495,1.05091,1.0,1.0,-1.0,2023-12-06,2025-11-10,-0.0346593062704949,0.0346593062704949,0.0012012675111519,1,12.0,1.05091,281.0626200000001
1.083946892158517,1.083946892158517,1.05875,1.0,1.0,1.0,2023-12-06,2025-11-10,-0.0251968921585168,0.0251968921585168,0.0006348833744479,1,12.0,1.05875,282.12137000000007
1.0835766941781853,1.0835766941781853,1.05685,1.0,1.0,-1.0,2023-12-06,2025-11-10,-0.0267266941781851,0.0267266941781851,0.0007143161816942,1,12.0,1.05685,283.17822000000007
1.0826006955966865,1.0826006955966865,1.05535,1.0,1.0,-1.0,2023-12-06,2025-11-10,-0.0272506955966864,0.0272506955966864,0.0007426004105032,1,12.0,1.05535,284.23357000000004
1.08367322123376,1.08367322123376,1.05264,1.0,1.0,-1.0,2023-12-06,2025-11-10,-0.03103322123376,0.03103322123376,0.0009630608201434,1,12.0,1.05264,285.28621000000004
1.0813831098251356,1.0813831098251356,1.04952,1.0,1.0,-1.0,2023-12-06,2025-11-10,-0.0318631098251356,0.0318631098251356,0.0010152577677286,1,12.0,1.04952,286.33573
1.0801264532986017,1.0801264532986017,1.04666,1.0,1.0,-1.0,2023-12-06,2025-11-10,-0.0334664532986015,0.0334664532986015,0.0011200034963874,1,12.0,1.04666,287.38239
1.0771406629314422,1.0771406629314422,1.05033,1.0,1.0,1.0,2023-12-06,2025-11-10,-0.0268106629314421,0.0268106629314421,0.0007188116468234,1,12.0,1.05033,288.43272
1.0760132823468955,1.0760132823468955,1.05141,1.0,1.0,1.0,2023-12-06,2025-11-10,-0.0246032823468957,0.0246032823468957,0.000605321502241,1,12.0,1.05141,289.48412999999994
1.0772625252606822,1.0772625252606822,1.04911,1.0,1.0,-1.0,2023-12-06,2025-11-10,-0.0281525252606822,0.0281525252606822,0.0007925646785533,1,12.0,1.04911,290.5332399999999
1.0746837626533827,1.0746837626533827,1.03491,1.0,1.0,-1.0,2023-12-06,2025-11-10,-0.0397737626533827,0.0397737626533827,0.0015819521956076,1,12.0,1.03491,291.56814999999995
1.0731932452783468,1.0731932452783468,1.03622,1.0,1.0,1.0,2023-12-06,2025-11-10,-0.0369732452783468,0.0369732452783468,0.0013670208664128,1,12.0,1.03622,292.60437
1.069310956202603,1.069310956202603,1.04281,1.0,1.0,1.0,2023-12-06,2025-11-10,-0.026500956202603,0.026500956202603,0.0007023006796522,1,12.0,1.04281,293.64717999999993
1.068508790853912,1.068508790853912,1.04056,1.0,1.0,-1.0,2023-12-06,2025-11-10,-0.0279487908539122,0.0279487908539122,0.0007811349101957,1,12.0,1.04056,294.68774
1.066978244965494,1.066978244965494,1.03849,1.0,1.0,-1.0,2023-12-06,2025-11-10,-0.0284882449654939,0.0284882449654939,0.0008115801012139,1,12.0,1.03849,295.72623
1.0667292089706943,1.0667292089706943,1.04219,1.0,1.0,1.0,2023-12-06,2025-11-10,-0.0245392089706943,0.0245392089706943,0.0006021727769074,1,12.0,1.04219,296.76842
1.0656256787141742,1.0656256787141742,1.04237,1.0,1.0,1.0,2023-12-06,2025-11-10,-0.0232556787141742,0.0232556787141742,0.0005408265924568,1,12.0,1.04237,297.81079
1.0643609707620076,1.0643609707620076,1.04043,1.0,1.0,-1.0,2023-12-06,2025-11-10,-0.0239309707620076,0.0239309707620076,0.000572691361612,1,12.0,1.04043,298.85122
1.0626254872374483,1.0626254872374483,1.03486,1.0,1.0,-1.0,2023-12-06,2025-11-10,-0.0277654872374482,0.0277654872374482,0.0007709222815328,1,12.0,1.03486,299.88608
1.0599394180456678,1.0599394180456678,1.02664,1.0,1.0,-1.0,2023-12-06,2025-11-10,-0.0332994180456678,0.0332994180456678,0.0011088512421801,1,12.0,1.02664,300.91272
1.0582866552746752,1.0582866552746752,1.03076,1.0,1.0,1.0,2023-12-06,2025-11-10,-0.0275266552746753,0.0275266552746753,0.0007577167506108,1,12.0,1.03076,301.94348
1.0567093247430253,1.0567093247430253,1.03894,1.0,1.0,1.0,2023-12-06,2025-11-10,-0.0177693247430252,0.0177693247430252,0.000315748901823,1,12.0,1.03894,302.98242
1.0555832587648586,1.0555832587648586,1.03401,1.0,1.0,-1.0,2023-12-06,2025-11-10,-0.0215732587648584,0.0215732587648584,0.0004654054937355,1,12.0,1.03401,304.01643
1.0530778212938507,1.0530778212938507,1.03175,1.0,1.0,-1.0,2023-12-06,2025-11-10,-0.0213278212938508,0.0213278212938508,0.0004548759611424,1,12.0,1.03175,305.04818
1.053330391297272,1.053330391297272,1.02991,1.0,1.0,-1.0,2023-12-06,2025-11-10,-0.0234203912972719,0.0234203912972719,0.0005485147285173,1,12.0,1.02991,306.07809
1.0512379678774637,1.0512379678774637,1.02443,1.0,1.0,-1.0,2023-12-06,2025-11-10,-0.0268079678774637,0.0268079678774637,0.0007186671417191,1,12.0,1.02443,307.10252
1.0488081327193928,1.0488081327193928,1.02379,1.0,1.0,-1.0,2023-12-06,2025-11-10,-0.0250181327193927,0.0250181327193927,0.0006259069647651,1,12.0,1.02379,308.12631
1.048956458479705,1.048956458479705,1.0307,1.0,1.0,1.0,2023-12-06,2025-11-10,-0.0182564584797053,0.0182564584797053,0.0003332982762212,1,12.0,1.0307,309.15701
1.0470001471850687,1.0470001471850687,1.02891,1.0,1.0,-1.0,2023-12-06,2025-11-10,-0.0180901471850687,0.0180901471850687,0.0003272534251774,1,12.0,1.02891,310.18592
1.0462123472433265,1.0462123472433265,1.03021,1.0,1.0,1.0,2023-12-06,2025-11-10,-0.0160023472433263,0.0160023472433263,0.0002560751172959,1,12.0,1.03021,311.21613
1.0440784594491312,1.0440784594491312,1.02691,1.0,1.0,-1.0,2023-12-06,2025-11-10,-0.0171684594491312,0.0171684594491312,0.0002947559998564,1,12.0,1.02691,312.24304
1.0427073478712336,1.0427073478712336,1.04131,1.0,1.0,1.0,2023-12-06,2025-11-10,-0.0013973478712336,0.0013973478712336,1.952581073241324e-06,1,12.0,1.04131,313.28435
1.0407768085035036,1.0407768085035036,1.04273,0.0,-1.0,1.0,2023-12-06,2025-11-10,0.0019531914964963,0.0019531914964963,3.814957021985492e-06,1,12.0,1.04273,314.32708
1.0418660125258428,1.0418660125258428,1.04097,0.0,-1.0,-1.0,2023-12-06,2025-11-10,-0.0008960125258428,0.0008960125258428,8.028384464672218e-07,1,12.0,1.04097,315.36805000000004
1.0416124666779436,1.0416124666779436,1.04147,0.0,1.0,1.0,2023-12-06,2025-11-10,-0.0001424666779437,0.0001424666779437,2.029675432431648e-08,1,12.0,1.04147,316.40952000000004
1.040529473895287,1.040529473895287,1.04954,0.0,-1.0,1.0,2023-12-06,2025-11-10,0.0090105261047128,0.0090105261047128,8.118958068371205e-05,1,12.0,1.04954,317.45906
1.0412042383453115,1.0412042383453115,1.04907,-1.0,-1.0,-1.0,2023-12-06,2025-11-10,0.0078657616546882,0.0078657616546882,6.187020640836355e-05,1,12.0,1.04907,318.50813
1.040709202996534,1.040709202996534,1.04299,-1.0,-1.0,-1.0,2023-12-06,2025-11-10,0.0022807970034659,0.0022807970034659,5.20203497101926e-06,1,12.0,1.04299,319.55112
1.0399446203568676,1.0399446203568676,1.04209,-1.0,-1.0,-1.0,2023-12-06,2025-11-10,0.0021453796431323,0.0021453796431323,4.602653813166595e-06,1,12.0,1.04209,320.59320999999994
1.0399591794878604,1.0399591794878604,1.03919,-1.0,-1.0,-1.0,2023-12-06,2025-11-10,-0.0007691794878603,0.0007691794878603,5.916370845451441e-07,1,12.0,1.03919,321.6324
1.0395926128164636,1.0395926128164636,1.03575,0.0,1.0,-1.0,2023-12-06,2025-11-10,-0.0038426128164636,0.0038426128164636,1.476567325725107e-05,1,12.0,1.03575,322.66815
1.0388378208922444,1.0388378208922444,1.03342,1.0,1.0,-1.0,2023-12-06,2025-11-10,-0.0054178208922444,0.0054178208922444,2.9352783220439984e-05,1,12.0,1.03342,323.70156999999995
1.040819667544846,1.040819667544846,1.03799,1.0,1.0,1.0,2023-12-06,2025-11-10,-0.002829667544846,0.002829667544846,8.007018414355002e-06,1,12.0,1.03799,324.7395599999999
1.0364219732634914,1.0364219732634914,1.03985,-1.0,-1.0,1.0,2023-12-06,2025-11-10,0.0034280267365085,0.0034280267365085,1.1751367306217454e-05,1,12.0,1.03985,325.7794099999999
1.0355298860502584,1.0355298860502584,1.03842,-1.0,-1.0,-1.0,2023-12-06,2025-11-10,0.0028901139497414,0.0028901139497414,8.352758642490295e-06,1,12.0,1.03842,326.8178299999999
1.0357786421115005,1.0357786421115005,1.03254,-1.0,-1.0,-1.0,2023-12-06,2025-11-10,-0.0032386421115004,0.0032386421115004,1.0488802726384348e-05,1,12.0,1.03254,327.8503699999999
1.0344519612689609,1.0344519612689609,1.03058,1.0,1.0,-1.0,2023-12-06,2025-11-10,-0.0038719612689606,0.0038719612689606,1.4992084068331064e-05,1,12.0,1.03058,328.88094999999987
1.0322002769511758,1.0322002769511758,1.03601,1.0,1.0,1.0,2023-12-06,2025-11-10,0.0038097230488243,0.0038097230488243,1.4513989708743275e-05,1,12.0,1.03601,329.91695999999985
1.031779553921644,1.031779553921644,1.03817,-1.0,-1.0,1.0,2023-12-06,2025-11-10,0.0063904460783559,0.0063904460783559,4.0837801080374645e-05,1,12.0,1.03817,330.9551299999998
1.0316891850143233,1.0316891850143233,1.04643,-1.0,-1.0,1.0,2023-12-06,2025-11-10,0.0147408149856766,0.0147408149856766,0.0002172916264419,1,12.0,1.04643,332.0015599999998
1.0319918844891642,1.0319918844891642,1.04884,-1.0,-1.0,1.0,2023-12-06,2025-11-10,0.0168481155108357,0.0168481155108357,0.0002838589962664,1,12.0,1.04884,333.0503999999998
1.0318214819309617,1.0318214819309617,1.04841,-1.0,-1.0,-1.0,2023-12-06,2025-11-10,0.0165885180690386,0.0165885180690386,0.0002751789317268,1,12.0,1.04841,334.0988099999998
1.031115278181147,1.031115278181147,1.04463,-1.0,-1.0,-1.0,2023-12-06,2025-11-10,0.0135147218188529,0.0135147218188529,0.0001826477058409,1,12.0,1.04463,335.14343999999977
1.0314977073971243,1.0314977073971243,1.04237,-1.0,-1.0,-1.0,2023-12-06,2025-11-10,0.0108722926028754,0.0108722926028754,0.0001182067464425,1,12.0,1.04237,336.1858099999998
1.031665697865056,1.031665697865056,1.05004,-1.0,-1.0,1.0,2023-12-06,2025-11-10,0.018374302134944,0.018374302134944,0.0003376149789462,1,12.0,1.05004,337.2358499999998
1.0318990257251277,1.0318990257251277,1.04589,-1.0,-1.0,-1.0,2023-12-06,2025-11-10,0.0139909742748722,0.0139909742748722,0.0001957473611601,1,12.0,1.04589,338.2817399999998
1.0325503859422396,1.0325503859422396,1.04666,-1.0,-1.0,1.0,2023-12-06,2025-11-10,0.0141096140577603,0.0141096140577603,0.0001990812088589,1,12.0,1.04666,339.32839999999976
1.0318489056036884,1.0318489056036884,1.05138,-1.0,-1.0,1.0,2023-12-06,2025-11-10,0.0195310943963116,0.0195310943963116,0.0003814636483176,1,12.0,1.05138,340.37977999999976
1.0324496260367355,1.0324496260367355,1.04824,-1.0,-1.0,-1.0,2023-12-06,2025-11-10,0.0157903739632643,0.0157903739632643,0.0002493359098997,1,12.0,1.04824,341.4280199999998
1.032928367272394,1.032928367272394,1.03968,-1.0,-1.0,-1.0,2023-12-06,2025-11-10,0.0067516327276058,0.0067516327276058,4.558454448847796e-05,1,12.0,1.03968,342.4676999999997
1.0325030753734608,1.0325030753734608,1.0375,-1.0,-1.0,-1.0,2023-12-06,2025-11-10,0.0049969246265393,0.0049969246265393,2.4969255723315263e-05,1,12.0,1.0375,343.5051999999998
1.0326077556803648,1.0326077556803648,1.04852,-1.0,-1.0,1.0,2023-12-06,2025-11-10,0.0159122443196351,0.0159122443196351,0.0002531995192877,1,12.0,1.04852,344.55371999999977
1.032441082672746,1.032441082672746,1.06234,-1.0,-1.0,1.0,2023-12-06,2025-11-10,0.0298989173272539,0.0298989173272539,0.0008939452573419,1,12.0,1.06234,345.6160599999998
1.033577352283234,1.033577352283234,1.07896,-1.0,-1.0,1.0,2023-12-06,2025-11-10,0.045382647716766,0.045382647716766,0.002059584713784,1,12.0,1.07896,346.6950199999998
1.034705154344412,1.034705154344412,1.07844,-1.0,-1.0,-1.0,2023-12-06,2025-11-10,0.0437348456555879,0.0437348456555879,0.001912736724518,1,12.0,1.07844,347.7734599999998
1.0362180829594354,1.0362180829594354,1.08358,-1.0,-1.0,1.0,2023-12-06,2025-11-10,0.0473619170405645,0.0473619170405645,0.0022431511857573,1,12.0,1.08358,348.85703999999976
1.037768954007859,1.037768954007859,1.08341,-1.0,-1.0,-1.0,2023-12-06,2025-11-10,0.045641045992141,0.045641045992141,0.0020831050792567,1,12.0,1.08341,349.94044999999977
1.0384946035341835,1.0384946035341835,1.09103,-1.0,-1.0,1.0,2023-12-06,2025-11-10,0.0525353964658164,0.0525353964658164,0.0027599678818205,1,12.0,1.09103,351.03147999999976
1.04064814975575,1.04064814975575,1.08856,-1.0,-1.0,-1.0,2023-12-06,2025-11-10,0.0479118502442499,0.0479118502442499,0.0022955453938274,1,12.0,1.08856,352.12003999999973
1.0423957287095154,1.0423957287095154,1.08513,-1.0,-1.0,-1.0,2023-12-06,2025-11-10,0.0427342712904845,0.0427342712904845,0.0018262179427287,1,12.0,1.08513,353.2051699999997
1.0434351560558748,1.0434351560558748,1.08775,-1.0,-1.0,1.0,2023-12-06,2025-11-10,0.0443148439441252,0.0443148439441252,0.0019638053937921,1,12.0,1.08775,354.2929199999997
1.0447121539729531,1.0447121539729531,1.09196,-1.0,-1.0,1.0,2023-12-06,2025-11-10,0.0472478460270469,0.0472478460270469,0.0022323589541955,1,12.0,1.09196,355.3848799999997
1.0450070459339134,1.0450070459339134,1.09443,-1.0,-1.0,1.0,2023-12-06,2025-11-10,0.0494229540660866,0.0494229540660866,0.0024426283886185,1,12.0,1.09443,356.4793099999997
1.046165625342348,1.046165625342348,1.09037,-1.0,-1.0,-1.0,2023-12-06,2025-11-10,0.0442043746576521,0.0442043746576521,0.001954026738874,1,12.0,1.09037,357.5696799999997
1.0474361528119802,1.0474361528119802,1.08534,-1.0,-1.0,-1.0,2023-12-06,2025-11-10,0.0379038471880197,0.0379038471880197,0.0014367016316527,1,12.0,1.08534,358.6550199999997
1.0482873460809945,1.0482873460809945,1.08111,-1.0,-1.0,-1.0,2023-12-06,2025-11-10,0.0328226539190057,0.0328226539190057,0.0010773266102868,1,12.0,1.08111,359.7361299999997
1.0483189342349255,1.0483189342349255,1.07992,-1.0,-1.0,-1.0,2023-12-06,2025-11-10,0.0316010657650742,0.0316010657650742,0.0009986273574885,1,12.0,1.07992,360.8160499999997
1.047902204086637,1.047902204086637,1.07908,-1.0,-1.0,-1.0,2023-12-06,2025-11-10,0.031177795913363,0.031177795913363,0.0009720549580153,1,12.0,1.07908,361.8951299999997
1.0480764399263836,1.0480764399263836,1.07362,-1.0,-1.0,-1.0,2023-12-06,2025-11-10,0.0255435600736164,0.0255435600736164,0.0006524734612344,1,12.0,1.07362,362.9687499999997
1.0481356037222764,1.0481356037222764,1.07973,-1.0,-1.0,1.0,2023-12-06,2025-11-10,0.0315943962777236,0.0315943962777236,0.0009982058761538,1,12.0,1.07973,364.0484799999997
1.048727433120444,1.048727433120444,1.08265,-1.0,-1.0,1.0,2023-12-06,2025-11-10,0.0339225668795559,0.0339225668795559,0.0011507405436979,1,12.0,1.08265,365.1311299999997
1.0513264844326031,1.0513264844326031,1.08167,-1.0,-1.0,-1.0,2023-12-06,2025-11-10,0.0303435155673967,0.0303435155673967,0.0009207289369888,1,12.0,1.08167,366.2127999999997
1.049750195162473,1.049750195162473,1.07947,-1.0,-1.0,-1.0,2023-12-06,2025-11-10,0.0297198048375268,0.0297198048375268,0.0008832667995806,1,12.0,1.07947,367.2922699999997
1.0496826629441858,1.0496826629441858,1.08422,-1.0,-1.0,1.0,2023-12-06,2025-11-10,0.0345373370558141,0.0345373370558141,0.0011928276509069,1,12.0,1.08422,368.3764899999997
1.0510180809942236,1.0510180809942236,1.10521,-1.0,-1.0,1.0,2023-12-06,2025-11-10,0.0541919190057764,0.0541919190057764,0.0029367640855286,1,12.0,1.10521,369.4816999999997
1.05313187438098,1.05313187438098,1.09627,-1.0,-1.0,-1.0,2023-12-06,2025-11-10,0.0431381256190201,0.0431381256190201,0.0018608978819223,1,12.0,1.09627,370.5779699999997
1.0554784975588036,1.0554784975588036,1.09054,-1.0,-1.0,-1.0,2023-12-06,2025-11-10,0.0350615024411964,0.0350615024411964,0.001229308953434,1,12.0,1.09054,371.6685099999997
1.055773398360522,1.055773398360522,1.09541,-1.0,-1.0,1.0,2023-12-06,2025-11-10,0.039636601639478,0.039636601639478,0.0015710601895266,1,12.0,1.09541,372.7639199999997
1.0584011116494578,1.0584011116494578,1.09492,-1.0,-1.0,-1.0,2023-12-06,2025-11-10,0.0365188883505422,0.0365188883505422,0.0013336292063593,1,12.0,1.09492,373.8588399999997
1.0599162661704171,1.0599162661704171,1.12013,-1.0,-1.0,1.0,2023-12-06,2025-11-10,0.0602137338295829,0.0602137338295829,0.0036256937416998,1,12.0,1.12013,374.9789699999997
1.0651063537789422,1.0651063537789422,1.13509,-1.0,-1.0,1.0,2023-12-06,2025-11-10,0.0699836462210576,0.0699836462210576,0.0048977107383941,1,12.0,1.13509,376.1140599999997
1.0660454853708634,1.0660454853708634,1.13503,-1.0,-1.0,-1.0,2023-12-06,2025-11-10,0.0689845146291365,0.0689845146291365,0.0047588632586175,1,12.0,1.13503,377.2490899999997
1.0695052021249776,1.0695052021249776,1.12821,-1.0,-1.0,-1.0,2023-12-06,2025-11-10,0.0587047978750223,0.0587047978750223,0.0034462532935472,1,12.0,1.12821,378.3772999999997
1.071709703279924,1.071709703279924,1.13968,-1.0,-1.0,1.0,2023-12-06,2025-11-10,0.0679702967200761,0.0679702967200761,0.0046199612362151,1,12.0,1.13968,379.5169799999997
1.0738900957088722,1.0738900957088722,1.13653,-1.0,-1.0,-1.0,2023-12-06,2025-11-10,0.0626399042911278,0.0626399042911278,0.0039237576096016,1,12.0,1.13653,380.6535099999997
1.0774897475414715,1.0774897475414715,1.13917,-1.0,-1.0,1.0,2023-12-06,2025-11-10,0.0616802524585284,0.0616802524585284,0.0038044535433478,1,12.0,1.13917,381.7926799999997
1.079063640626449,1.079063640626449,1.15121,-1.0,-1.0,1.0,2023-12-06,2025-11-10,0.0721463593735507,0.0721463593735507,0.0052050971708575,1,12.0,1.15121,382.94388999999967
1.0795939372266203,1.0795939372266203,1.14189,-1.0,-1.0,-1.0,2023-12-06,2025-11-10,0.0622960627733797,0.0622960627733797,0.0038807994370648,1,12.0,1.14189,384.08577999999966
1.0824735907444971,1.0824735907444971,1.13128,-1.0,-1.0,-1.0,2023-12-06,2025-11-10,0.0488064092555029,0.0488064092555029,0.0023820655844156,1,12.0,1.13128,385.21705999999966
1.0822964344366433,1.0822964344366433,1.13932,-1.0,-1.0,1.0,2023-12-06,2025-11-10,0.0570235655633568,0.0570235655633568,0.0032516870295584,1,12.0,1.13932,386.35637999999966
1.0848326703394713,1.0848326703394713,1.13598,-1.0,-1.0,-1.0,2023-12-06,2025-11-10,0.0511473296605287,0.0511473296605287,0.0026160493314027,1,12.0,1.13598,387.4923599999997
1.0883558023864128,1.0883558023864128,1.14229,-1.0,-1.0,1.0,2023-12-06,2025-11-10,0.0539341976135872,0.0539341976135872,0.0029088976722214,1,12.0,1.14229,388.6346499999997
1.0869641327170056,1.0869641327170056,1.13852,-1.0,-1.0,-1.0,2023-12-06,2025-11-10,0.0515558672829943,0.0515558672829943,0.0026580074513017,1,12.0,1.13852,389.7731699999997
1.0869390275797786,1.0869390275797786,1.13239,-1.0,-1.0,-1.0,2023-12-06,2025-11-10,0.0454509724202214,0.0454509724202214,0.0020657908939437,1,12.0,1.13239,390.9055599999997
1.0892512943690118,1.0892512943690118,1.12925,-1.0,-1.0,-1.0,2023-12-06,2025-11-10,0.0399987056309882,0.0399987056309882,0.0015998964521544,1,12.0,1.12925,392.0348099999997
1.0900694990046549,1.0900694990046549,1.12987,-1.0,-1.0,1.0,2023-12-06,2025-11-10,0.0398005009953452,0.0398005009953452,0.0015840798794804,1,12.0,1.12987,393.1646799999997
1.089727608778689,1.089727608778689,1.13134,-1.0,-1.0,1.0,2023-12-06,2025-11-10,0.0416123912213111,0.0416123912213111,0.0017315911031554,1,12.0,1.13134,394.2960199999997
1.0917214434774247,1.0917214434774247,1.13723,-1.0,-1.0,1.0,2023-12-06,2025-11-10,0.0455085565225752,0.0455085565225752,0.0020710287167684,1,12.0,1.13723,395.4332499999997
1.0931129845710406,1.0931129845710406,1.1302,-1.0,-1.0,-1.0,2023-12-06,2025-11-10,0.0370870154289595,0.0370870154289595,0.0013754467134278,1,12.0,1.1302,396.5634499999997
1.0939610959172343,1.0939610959172343,1.12291,-1.0,-1.0,-1.0,2023-12-06,2025-11-10,0.0289489040827657,0.0289489040827657,0.0008380390475931,1,12.0,1.12291,397.6863599999997
1.0970274923095351,1.0970274923095351,1.12475,-1.0,-1.0,1.0,2023-12-06,2025-11-10,0.0277225076904648,0.0277225076904648,0.0007685374326478,1,12.0,1.12475,398.8111099999997
1.0986790438311635,1.0986790438311635,1.10874,-1.0,-1.0,-1.0,2023-12-06,2025-11-10,0.0100609561688365,0.0100609561688365,0.0001012228390312,1,12.0,1.10874,399.9198499999997
1.0987918654481523,1.0987918654481523,1.1187,-1.0,-1.0,1.0,2023-12-06,2025-11-10,0.0199081345518474,0.0199081345518474,0.0003963338213344,1,12.0,1.1187,401.0385499999997
1.101563680331288,1.101563680331288,1.1173,-1.0,-1.0,-1.0,2023-12-06,2025-11-10,0.0157363196687119,0.0157363196687119,0.0002476317567158,1,12.0,1.1173,402.1558499999997
1.1029812825578986,1.1029812825578986,1.11857,-1.0,-1.0,1.0,2023-12-06,2025-11-10,0.0155887174421014,0.0155887174421014,0.0002430081114896,1,12.0,1.11857,403.2744199999997
1.1057430279864016,1.1057430279864016,1.11601,-1.0,-1.0,-1.0,2023-12-06,2025-11-10,0.0102669720135983,0.0102669720135983,0.000105410714328,1,12.0,1.11601,404.3904299999997
1.1064036341413828,1.1064036341413828,1.12427,-1.0,-1.0,1.0,2023-12-06,2025-11-10,0.0178663658586173,0.0178663658586173,0.0003192070289939,1,12.0,1.12427,405.5146999999997
1.109427728705903,1.109427728705903,1.12834,-1.0,-1.0,1.0,2023-12-06,2025-11-10,0.0189122712940972,0.0189122712940972,0.0003576740055015,1,12.0,1.12834,406.6430399999997
1.1116187152932169,1.1116187152932169,1.13299,-1.0,-1.0,1.0,2023-12-06,2025-11-10,0.0213712847067832,0.0213712847067832,0.0004567318100183,1,12.0,1.13299,407.7760299999997
1.11569140765175,1.11569140765175,1.12801,-1.0,-1.0,-1.0,2023-12-06,2025-11-10,0.01231859234825,0.01231859234825,0.0001517477174423,1,12.0,1.12801,408.9040399999997
1.1152870277797071,1.1152870277797071,1.13642,-1.0,-1.0,1.0,2023-12-06,2025-11-10,0.0211329722202926,0.0211329722202926,0.0004466025148636,1,12.0,1.13642,410.0404599999997
1.1180002650288134,1.1180002650288134,1.13863,-1.0,-1.0,1.0,2023-12-06,2025-11-10,0.0206297349711865,0.0206297349711865,0.0004255859649813,1,12.0,1.13863,411.1790899999997
1.1227783047919022,1.1227783047919022,1.1329,-1.0,-1.0,-1.0,2023-12-06,2025-11-10,0.0101216952080978,0.0101216952080978,0.0001024487138856,1,12.0,1.1329,412.3119899999997
1.1229763621202904,1.1229763621202904,1.12926,-1.0,-1.0,-1.0,2023-12-06,2025-11-10,0.0062836378797095,0.0062836378797095,3.948410500332056e-05,1,12.0,1.12926,413.4412499999997
1.1238360633516895,1.1238360633516895,1.13684,-1.0,-1.0,1.0,2023-12-06,2025-11-10,0.0130039366483103,0.0130039366483103,0.0001691023683532,1,12.0,1.13684,414.5780899999997
1.127243140269677,1.127243140269677,1.13467,-1.0,-1.0,-1.0,2023-12-06,2025-11-10,0.007426859730323,0.007426859730323,5.515824545389473e-05,1,12.0,1.13467,415.7127599999997
1.1275630321059655,1.1275630321059655,1.14419,-1.0,-1.0,1.0,2023-12-06,2025-11-10,0.0166269678940345,0.0166269678940345,0.0002764560613492,1,12.0,1.14419,416.8569499999997
1.1295519104322995,1.1295519104322995,1.13717,-1.0,-1.0,-1.0,2023-12-06,2025-11-10,0.0076180895677004,0.0076180895677004,5.8035288661507074e-05,1,12.0,1.13717,417.9941199999997
1.1309764033383292,1.1309764033383292,1.142,-1.0,-1.0,1.0,2023-12-06,2025-11-10,0.0110235966616707,0.0110235966616707,0.0001215196833591,1,12.0,1.142,419.1361199999997
1.1320808289101711,1.1320808289101711,1.14437,-1.0,-1.0,1.0,2023-12-06,2025-11-10,0.0122891710898287,0.0122891710898287,0.000151023726075,1,12.0,1.14437,420.2804899999997
1.132798443192501,1.132798443192501,1.13926,-1.0,-1.0,-1.0,2023-12-06,2025-11-10,0.0064615568074992,0.0064615568074992,4.175171637654015e-05,1,12.0,1.13926,421.4197499999997
1.1315250952258922,1.1315250952258922,1.14181,-1.0,-1.0,1.0,2023-12-06,2025-11-10,0.0102849047741078,0.0102849047741078,0.0001057792662124,1,12.0,1.14181,422.5615599999997
1.1345118620166774,1.1345118620166774,1.14246,-1.0,-1.0,1.0,2023-12-06,2025-11-10,0.0079481379833226,0.0079481379833226,6.317289740193564e-05,1,12.0,1.14246,423.7040199999997
1.1350859056932945,1.1350859056932945,1.14869,-1.0,-1.0,1.0,2023-12-06,2025-11-10,0.0136040943067055,0.0136040943067055,0.0001850713819057,1,12.0,1.14869,424.8527099999997
1.1343291618321971,1.1343291618321971,1.15859,-1.0,-1.0,1.0,2023-12-06,2025-11-10,0.0242608381678026,0.0242608381678026,0.0005885882686043,1,12.0,1.15859,426.0112999999997
1.134493207626622,1.134493207626622,1.15473,-1.0,-1.0,-1.0,2023-12-06,2025-11-10,0.0202367923733781,0.0202367923733781,0.0004095277655632,1,12.0,1.15473,427.1660299999997
1.1357258157790784,1.1357258157790784,1.15614,-1.0,-1.0,1.0,2023-12-06,2025-11-10,0.0204141842209215,0.0204141842209215,0.0004167389174057,1,12.0,1.15614,428.3221699999997
1.135138389991937,1.135138389991937,1.1484,-1.0,-1.0,-1.0,2023-12-06,2025-11-10,0.0132616100080631,0.0132616100080631,0.0001758703000059,1,12.0,1.1484,429.47056999999967
1.136640070048054,1.136640070048054,1.14794,-1.0,-1.0,-1.0,2023-12-06,2025-11-10,0.011299929951946,0.011299929951946,0.0001276884169188,1,12.0,1.14794,430.6185099999997
1.1351185438473212,1.1351185438473212,1.14983,-1.0,-1.0,1.0,2023-12-06,2025-11-10,0.0147114561526786,0.0147114561526786,0.0002164269421321,1,12.0,1.14983,431.7683399999997
1.1363636588429933,1.1363636588429933,1.15216,-1.0,-1.0,1.0,2023-12-06,2025-11-10,0.0157963411570067,0.0157963411570067,0.0002495243939485,1,12.0,1.15216,432.92049999999966
1.1365825761468464,1.1365825761468464,1.15777,-1.0,-1.0,1.0,2023-12-06,2025-11-10,0.0211874238531535,0.0211874238531535,0.0004489069295331,1,12.0,1.15777,434.0782699999997
1.1366521783711123,1.1366521783711123,1.16103,-1.0,-1.0,1.0,2023-12-06,2025-11-10,0.0243778216288876,0.0243778216288876,0.0005942781873698,1,12.0,1.16103,435.2392999999997
1.136593843015618,1.136593843015618,1.16555,-1.0,-1.0,1.0,2023-12-06,2025-11-10,0.0289561569843821,0.0289561569843821,0.0008384590273041,1,12.0,1.16555,436.40484999999967
1.1387338882232645,1.1387338882232645,1.16998,-1.0,-1.0,1.0,2023-12-06,2025-11-10,0.0312461117767357,0.0312461117767357,0.0009763195011642,1,12.0,1.16998,437.5748299999997
1.1412790715212335,1.1412790715212335,1.17192,-1.0,-1.0,1.0,2023-12-06,2025-11-10,0.0306409284787665,0.0306409284787665,0.0009388664980408,1,12.0,1.17192,438.7467499999997
1.142447993996951,1.142447993996951,1.17817,-1.0,-1.0,1.0,2023-12-06,2025-11-10,0.0357220060030489,0.0357220060030489,0.0012760617128818,1,12.0,1.17817,439.9249199999997
1.1438448743076126,1.1438448743076126,1.18049,-1.0,-1.0,1.0,2023-12-06,2025-11-10,0.0366451256923874,0.0366451256923874,0.0013428652370108,1,12.0,1.18049,441.1054099999997
1.145152722043932,1.145152722043932,1.17958,-1.0,-1.0,-1.0,2023-12-06,2025-11-10,0.0344272779560681,0.0344272779560681,0.0011852374674643,1,12.0,1.17958,442.2849899999997
1.1468148732696375,1.1468148732696375,1.17562,-1.0,-1.0,-1.0,2023-12-06,2025-11-10,0.0288051267303621,0.0288051267303621,0.0008297353259522,1,12.0,1.17562,443.4606099999997
1.1487219546012657,1.1487219546012657,1.1774,-1.0,-1.0,1.0,2023-12-06,2025-11-10,0.0286780453987345,0.0286780453987345,0.0008224302878918,1,12.0,1.1774,444.63800999999967
1.1509215930581298,1.1509215930581298,1.17079,-1.0,-1.0,-1.0,2023-12-06,2025-11-10,0.0198684069418701,0.0198684069418701,0.0003947535944077,1,12.0,1.17079,445.8087999999997
1.1529664701662017,1.1529664701662017,1.17252,-1.0,-1.0,1.0,2023-12-06,2025-11-10,0.0195535298337985,0.0195535298337985,0.0003823405289612,1,12.0,1.17252,446.9813199999997
1.1538580292848877,1.1538580292848877,1.17203,-1.0,-1.0,-1.0,2023-12-06,2025-11-10,0.0181719707151122,0.0181719707151122,0.0003302205196708,1,12.0,1.17203,448.1533499999997
1.154972886325942,1.154972886325942,1.16982,-1.0,-1.0,-1.0,2023-12-06,2025-11-10,0.0148471136740582,0.0148471136740582,0.0002204367844504,1,12.0,1.16982,449.3231699999997
1.1573040618189476,1.1573040618189476,1.16917,-1.0,-1.0,-1.0,2023-12-06,2025-11-10,0.0118659381810524,0.0118659381810524,0.0001408004889165,1,12.0,1.16917,450.4923399999997
1.158360763586673,1.158360763586673,1.16634,-1.0,-1.0,-1.0,2023-12-06,2025-11-10,0.0079792364133268,0.0079792364133268,6.36682137397615e-05,1,12.0,1.16634,451.6586799999997
1.1612257594258566,1.1612257594258566,1.16001,-1.0,-1.0,-1.0,2023-12-06,2025-11-10,-0.0012157594258566,0.0012157594258566,1.4780709815591957e-06,1,12.0,1.16001,452.8186899999997
1.162163747841364,1.162163747841364,1.16419,1.0,1.0,1.0,2023-12-06,2025-11-10,0.002026252158636,0.002026252158636,4.1056978103772725e-06,1,12.0,1.16419,453.9828799999997
1.1626051961259094,1.1626051961259094,1.15961,-1.0,-1.0,-1.0,2023-12-06,2025-11-10,-0.0029951961259093,0.0029951961259093,8.971199832662509e-06,1,12.0,1.15961,455.1424899999997
1.1634512376812296,1.1634512376812296,1.16219,1.0,1.0,1.0,2023-12-06,2025-11-10,-0.0012612376812295,0.0012612376812295,1.5907204885532752e-06,1,12.0,1.16219,456.3046799999997
1.164466142747273,1.164466142747273,1.16929,1.0,1.0,1.0,2023-12-06,2025-11-10,0.004823857252727,0.004823857252727,2.3269598794687347e-05,1,12.0,1.16929,457.4739699999997
1.1666985042613935,1.1666985042613935,1.17516,-1.0,-1.0,1.0,2023-12-06,2025-11-10,0.0084614957386064,0.0084614957386064,7.159691013445493e-05,1,12.0,1.17516,458.6491299999997
1.167851095959724,1.167851095959724,1.17707,-1.0,-1.0,1.0,2023-12-06,2025-11-10,0.0092189040402759,0.0092189040402759,8.498819170381571e-05,1,12.0,1.17707,459.8261999999997
1.1693566587466997,1.1693566587466997,1.17469,-1.0,-1.0,-1.0,2023-12-06,2025-11-10,0.0053333412533005,0.0053333412533005,2.844452892415736e-05,1,12.0,1.17469,461.0008899999997
1.1705326416096429,1.1705326416096429,1.17389,-1.0,-1.0,-1.0,2023-12-06,2025-11-10,0.0033573583903574,0.0033573583903574,1.1271855361303538e-05,1,12.0,1.17389,462.1747799999997
1.171799402857997,1.171799402857997,1.15878,-1.0,-1.0,-1.0,2023-12-06,2025-11-10,-0.013019402857997,0.013019402857997,0.0001695048507788,1,12.0,1.15878,463.3335599999997
1.1736948864310368,1.1736948864310368,1.15449,1.0,1.0,-1.0,2023-12-06,2025-11-10,-0.0192048864310367,0.0192048864310367,0.000368827662829,1,12.0,1.15449,464.4880499999997
1.172875063438378,1.172875063438378,1.14056,1.0,1.0,-1.0,2023-12-06,2025-11-10,-0.0323150634383779,0.0323150634383779,0.0010442633250263,1,12.0,1.14056,465.6286099999997
1.1723813832755214,1.1723813832755214,1.14141,1.0,1.0,1.0,2023-12-06,2025-11-10,-0.0309713832755214,0.0309713832755214,0.0009592265819992,1,12.0,1.14141,466.7700199999997
1.1710078180256238,1.1710078180256238,1.1595,1.0,1.0,1.0,2023-12-06,2025-11-10,-0.0115078180256238,0.0115078180256238,0.0001324298757108,1,12.0,1.1595,467.9295199999997
1.1725941565991476,1.1725941565991476,1.15747,1.0,1.0,-1.0,2023-12-06,2025-11-10,-0.0151241565991475,0.0151241565991475,0.0002287401128355,1,12.0,1.15747,469.0869899999997
1.1723654151491982,1.1723654151491982,1.15757,1.0,1.0,1.0,2023-12-06,2025-11-10,-0.0147954151491982,0.0147954151491982,0.0002189043094371,1,12.0,1.15757,470.2445599999997
1.1730765383645,1.1730765383645,1.16557,1.0,1.0,1.0,2023-12-06,2025-11-10,-0.0075065383645001,0.0075065383645001,5.6348118217711895e-05,1,12.0,1.16557,471.4101299999997
1.1718375725744712,1.1718375725744712,1.16663,1.0,1.0,1.0,2023-12-06,2025-11-10,-0.0052075725744711,0.0052075725744711,2.7118812118383884e-05,1,12.0,1.16663,472.5767599999997
1.1725895930738963,1.1725895930738963,1.16404,1.0,1.0,-1.0,2023-12-06,2025-11-10,-0.0085495930738965,0.0085495930738965,7.309554172922032e-05,1,12.0,1.16404,473.7407999999997
1.172526282663099,1.172526282663099,1.16182,1.0,1.0,-1.0,2023-12-06,2025-11-10,-0.010706282663099,0.010706282663099,0.0001146244884621,1,12.0,1.16182,474.9026199999997
1.172282953178947,1.172282953178947,1.16726,1.0,1.0,1.0,2023-12-06,2025-11-10,-0.0050229531789469,0.0050229531789469,2.523005863789342e-05,1,12.0,1.16726,476.06987999999967
1.17235178900117,1.17235178900117,1.17049,1.0,1.0,1.0,2023-12-06,2025-11-10,-0.0018617890011698,0.0018617890011698,3.466258284877008e-06,1,12.0,1.17049,477.2403699999997
1.173701292623053,1.173701292623053,1.16482,1.0,1.0,-1.0,2023-12-06,2025-11-10,-0.008881292623053,0.008881292623053,7.887735865629632e-05,1,12.0,1.16482,478.40518999999966
1.1729574067095436,1.1729574067095436,1.17028,1.0,1.0,1.0,2023-12-06,2025-11-10,-0.0026774067095436,0.0026774067095436,7.168506688309298e-06,1,12.0,1.17028,479.57546999999965
1.1719058755553493,1.1719058755553493,1.16614,1.0,1.0,-1.0,2023-12-06,2025-11-10,-0.0057658755553493,0.0057658755553493,3.3245320919775215e-05,1,12.0,1.16614,480.7416099999997
1.172768434723193,1.172768434723193,1.16461,1.0,1.0,-1.0,2023-12-06,2025-11-10,-0.0081584347231931,0.0081584347231931,6.656005713260301e-05,1,12.0,1.16461,481.9062199999996
1.1722033201312414,1.1722033201312414,1.1651,1.0,1.0,1.0,2023-12-06,2025-11-10,-0.0071033201312413,0.0071033201312413,5.045715688689899e-05,1,12.0,1.1651,483.0713199999996
1.1702897044203453,1.1702897044203453,1.16057,1.0,1.0,-1.0,2023-12-06,2025-11-10,-0.0097197044203454,0.0097197044203454,9.447265401888232e-05,1,12.0,1.16057,484.2318899999996
1.1708294674060846,1.1708294674060846,1.17209,1.0,1.0,1.0,2023-12-06,2025-11-10,0.0012605325939154,0.0012605325939154,1.5889424203232209e-06,1,12.0,1.17209,485.4039799999997
1.1710066492788351,1.1710066492788351,1.16203,0.0,-1.0,-1.0,2023-12-06,2025-11-10,-0.008976649278835,0.008976649278835,8.058023227520918e-05,1,12.0,1.16203,486.56600999999966
1.17018166140918,1.17018166140918,1.16414,1.0,1.0,1.0,2023-12-06,2025-11-10,-0.00604166140918,0.00604166140918,3.650167258317552e-05,1,12.0,1.16414,487.7301499999997
1.169921626055348,1.169921626055348,1.16372,1.0,1.0,-1.0,2023-12-06,2025-11-10,-0.0062016260553479,0.0062016260553479,3.846016573037006e-05,1,12.0,1.16372,488.8938699999997
1.1701162174250714,1.1701162174250714,1.16815,1.0,1.0,1.0,2023-12-06,2025-11-10,-0.0019662174250714,0.0019662174250714,3.866010962654465e-06,1,12.0,1.16815,490.0620199999997
1.1692267787904689,1.1692267787904689,1.16863,0.0,1.0,1.0,2023-12-06,2025-11-10,-0.0005967787904688,0.0005967787904688,3.561449247534296e-07,1,12.0,1.16863,491.2306499999997
1.1688524696345433,1.1688524696345433,1.17117,0.0,1.0,1.0,2023-12-06,2025-11-10,0.0023175303654567,0.0023175303654567,5.370946994814274e-06,1,12.0,1.17117,492.4018199999997
1.1684161616953204,1.1684161616953204,1.16419,-1.0,-1.0,-1.0,2023-12-06,2025-11-10,-0.0042261616953203,0.0042261616953203,1.7860442674992615e-05,1,12.0,1.16419,493.5660099999997
1.1679444019604164,1.1679444019604164,1.16606,1.0,1.0,1.0,2023-12-06,2025-11-10,-0.0018844019604162,0.0018844019604162,3.550970748420727e-06,1,12.0,1.16606,494.7320699999997
1.1679088488932796,1.1679088488932796,1.16511,1.0,1.0,-1.0,2023-12-06,2025-11-10,-0.0027988488932795,0.0027988488932795,7.83355512741203e-06,1,12.0,1.16511,495.89717999999976
1.1682056265236338,1.1682056265236338,1.17205,1.0,1.0,1.0,2023-12-06,2025-11-10,0.0038443734763662,0.0038443734763662,1.477920742578822e-05,1,12.0,1.17205,497.0692299999998
1.1675055946678183,1.1675055946678183,1.17609,-1.0,-1.0,1.0,2023-12-06,2025-11-10,0.0085844053321817,0.0085844053321817,7.369201490719035e-05,1,12.0,1.17609,498.24531999999977
1.1664381001170545,1.1664381001170545,1.17091,-1.0,-1.0,-1.0,2023-12-06,2025-11-10,0.0044718998829458,0.0044718998829458,1.999788856309092e-05,1,12.0,1.17091,499.41622999999976
1.1656921466989336,1.1656921466989336,1.16946,-1.0,-1.0,-1.0,2023-12-06,2025-11-10,0.0037678533010663,0.0037678533010663,1.4196718498356412e-05,1,12.0,1.16946,500.5856899999998
1.165961226683898,1.165961226683898,1.17361,-1.0,-1.0,1.0,2023-12-06,2025-11-10,0.0076487733161021,0.0076487733161021,5.850373324111616e-05,1,12.0,1.17361,501.75929999999977
1.1651951042217188,1.1651951042217188,1.17316,-1.0,-1.0,-1.0,2023-12-06,2025-11-10,0.0079648957782811,0.0079648957782811,6.34395647588815e-05,1,12.0,1.17316,502.93245999999976
1.1654146872808009,1.1654146872808009,1.17602,-1.0,-1.0,1.0,2023-12-06,2025-11-10,0.0106053127191991,0.0106053127191991,0.000112472657872,1,12.0,1.17602,504.10847999999976
1.163644894021852,1.163644894021852,1.1865,-1.0,-1.0,1.0,2023-12-06,2025-11-10,0.0228551059781481,0.0228551059781481,0.0005223558692723,1,12.0,1.1865,505.2949799999998
1.1636939669093298,1.1636939669093298,1.18117,-1.0,-1.0,-1.0,2023-12-06,2025-11-10,0.0174760330906702,0.0174760330906702,0.0003054117325862,1,12.0,1.18117,506.4761499999998
1.163324931553234,1.163324931553234,1.17819,-1.0,-1.0,-1.0,2023-12-06,2025-11-10,0.0148650684467661,0.0148650684467661,0.000220970259927,1,12.0,1.17819,507.65433999999976
1.1626165273488127,1.1626165273488127,1.1743,-1.0,-1.0,-1.0,2023-12-06,2025-11-10,0.0116834726511874,0.0116834726511874,0.000136503533191,1,12.0,1.1743,508.8286399999998
1.162594347224096,1.162594347224096,1.18014,-1.0,-1.0,1.0,2023-12-06,2025-11-10,0.0175456527759039,0.0175456527759039,0.0003078499313325,1,12.0,1.18014,510.0087799999998
1.1593800146343278,1.1593800146343278,1.18143,-1.0,-1.0,1.0,2023-12-06,2025-11-10,0.0220499853656721,0.0220499853656721,0.0004862018546263,1,12.0,1.18143,511.19020999999975
1.158555715419091,1.158555715419091,1.1737,-1.0,-1.0,-1.0,2023-12-06,2025-11-10,0.0151442845809088,0.0151442845809088,0.0002293493554675,1,12.0,1.1737,512.3639099999998
1.1598731380071317,1.1598731380071317,1.16643,-1.0,-1.0,-1.0,2023-12-06,2025-11-10,0.0065568619928684,0.0065568619928684,4.299243919352248e-05,1,12.0,1.16643,513.5303399999998
1.157987234226392,1.157987234226392,1.17013,-1.0,-1.0,1.0,2023-12-06,2025-11-10,0.0121427657736079,0.0121427657736079,0.0001474467606327,1,12.0,1.17013,514.7004699999998
1.1573381126470206,1.1573381126470206,1.17264,-1.0,-1.0,1.0,2023-12-06,2025-11-10,0.0153018873529793,0.0153018873529793,0.0002341477565632,1,12.0,1.17264,515.8731099999998
1.1538262843897438,1.1538262843897438,1.17333,-1.0,-1.0,1.0,2023-12-06,2025-11-10,0.0195037156102562,0.0195037156102562,0.0003803949226057,1,12.0,1.17333,517.0464399999997
1.1544218436026688,1.1544218436026688,1.17281,-1.0,-1.0,-1.0,2023-12-06,2025-11-10,0.0183881563973311,0.0183881563973311,0.0003381242956927,1,12.0,1.17281,518.2192499999998
1.1531429567472304,1.1531429567472304,1.17154,-1.0,-1.0,-1.0,2023-12-06,2025-11-10,0.0183970432527695,0.0183970432527695,0.0003384512004442,1,12.0,1.17154,519.3907899999998
1.1527891152554048,1.1527891152554048,1.1739,-1.0,-1.0,1.0,2023-12-06,2025-11-10,0.0211108847445951,0.0211108847445951,0.0004456694546995,1,12.0,1.1739,520.5646899999998
1.1523531369098885,1.1523531369098885,1.17105,-1.0,-1.0,-1.0,2023-12-06,2025-11-10,0.0186968630901116,0.0186968630901116,0.0003495726894103,1,12.0,1.17105,521.7357399999999
1.1510740622874498,1.1510740622874498,1.16574,-1.0,-1.0,-1.0,2023-12-06,2025-11-10,0.0146659377125502,0.0146659377125502,0.0002150897289884,1,12.0,1.16574,522.9014799999999
1.1512075400103856,1.1512075400103856,1.16287,-1.0,-1.0,-1.0,2023-12-06,2025-11-10,0.0116624599896144,0.0116624599896144,0.0001360129730093,1,12.0,1.16287,524.0643499999999
1.149692495241354,1.149692495241354,1.15637,-1.0,-1.0,-1.0,2023-12-06,2025-11-10,0.0066775047586458,0.0066775047586458,4.4589069801737486e-05,1,12.0,1.15637,525.2207199999999
1.149561100098451,1.149561100098451,1.16238,-1.0,-1.0,1.0,2023-12-06,2025-11-10,0.012818899901549,0.012818899901549,0.0001643241946859,1,12.0,1.16238,526.3830999999999
1.1491094130019508,1.1491094130019508,1.15672,-1.0,-1.0,-1.0,2023-12-06,2025-11-10,0.0076105869980491,0.0076105869980491,5.7921034454875134e-05,1,12.0,1.15672,527.5398199999998
1.1481858965543028,1.1481858965543028,1.16059,-1.0,-1.0,1.0,2023-12-06,2025-11-10,0.0124041034456972,0.0124041034456972,0.0001538617822915,1,12.0,1.16059,528.7004099999998
1.1482868540508298,1.1482868540508298,1.16454,-1.0,-1.0,1.0,2023-12-06,2025-11-10,0.0162531459491701,0.0162531459491701,0.000264164753245,1,12.0,1.16454,529.8649499999998
1.1488186863744174,1.1488186863744174,1.16871,-1.0,-1.0,1.0,2023-12-06,2025-11-10,0.0198913136255824,0.0198913136255824,0.0003956643577512,1,12.0,1.16871,531.0336599999998
1.1491059197059432,1.1491059197059432,1.16525,-1.0,-1.0,-1.0,2023-12-06,2025-11-10,0.0161440802940566,0.0161440802940566,0.0002606313285409,1,12.0,1.16525,532.1989099999998
1.1494938473106753,1.1494938473106753,1.16431,-1.0,-1.0,-1.0,2023-12-06,2025-11-10,0.0148161526893246,0.0148161526893246,0.0002195183805133,1,12.0,1.16431,533.3632199999998
1.1495309436135903,1.1495309436135903,1.15994,-1.0,-1.0,-1.0,2023-12-06,2025-11-10,0.0104090563864096,0.0104090563864096,0.0001083484548554,1,12.0,1.15994,534.5231599999998
1.1493069527328734,1.1493069527328734,1.16093,-1.0,-1.0,1.0,2023-12-06,2025-11-10,0.0116230472671265,0.0116230472671265,0.0001350952277738,1,12.0,1.16093,535.6840899999999
1.1494825695577868,1.1494825695577868,1.1618,-1.0,-1.0,1.0,2023-12-06,2025-11-10,0.0123174304422131,0.0123174304422131,0.0001517190926987,1,12.0,1.1618,536.8458899999998
1.1499320941393127,1.1499320941393127,1.1627,-1.0,-1.0,1.0,2023-12-06,2025-11-10,0.0127679058606873,0.0127679058606873,0.0001630194200673,1,12.0,1.1627,538.0085899999998
1.1502101242244736,1.1502101242244736,1.16438,-1.0,-1.0,1.0,2023-12-06,2025-11-10,0.0141698757755264,0.0141698757755264,0.0002007853794938,1,12.0,1.16438,539.1729699999999
1.149706830617225,1.149706830617225,1.16511,-1.0,-1.0,1.0,2023-12-06,2025-11-10,0.0154031693827754,0.0154031693827754,0.0002372576270344,1,12.0,1.16511,540.3380799999999
1.1499251484761142,1.1499251484761142,1.16014,-1.0,-1.0,-1.0,2023-12-06,2025-11-10,0.0102148515238857,0.0102148515238857,0.000104343191655,1,12.0,1.16014,541.4982199999998
1.1499154278071022,1.1499154278071022,1.15667,-1.0,-1.0,-1.0,2023-12-06,2025-11-10,0.0067545721928978,0.0067545721928978,4.562424550906925e-05,1,12.0,1.15667,542.6548899999998
1.149585369023039,1.149585369023039,1.15363,-1.0,-1.0,-1.0,2023-12-06,2025-11-10,0.0040446309769606,0.0040446309769606,1.6359039739789395e-05,1,12.0,1.15363,543.8085199999998
1.1495516365616132,1.1495516365616132,1.15195,-1.0,-1.0,-1.0,2023-12-06,2025-11-10,0.0023983634383868,0.0023983634383868,5.752147182590752e-06,1,12.0,1.15195,544.9604699999999
1.148395467331755,1.148395467331755,1.14804,-1.0,-1.0,-1.0,2023-12-06,2025-11-10,-0.0003554673317549,0.0003554673317549,1.2635702394498728e-07,1,12.0,1.14804,546.1085099999999
1.1480619280329072,1.1480619280329072,1.14925,0.0,1.0,1.0,2023-12-06,2025-11-10,0.0011880719670926,0.0011880719670926,1.4115149989915092e-06,1,12.0,1.14925,547.25776
1.147227726382492,1.147227726382492,1.15473,-1.0,-1.0,1.0,2023-12-06,2025-11-10,0.0075022736175081,0.0075022736175081,5.628410943195813e-05,1,12.0,1.15473,548.4124899999999
1.147350569675211,1.147350569675211,1.15634,-1.0,-1.0,1.0,2023-12-06,2025-11-10,0.0089894303247886,0.0089894303247886,8.080985756422897e-05,1,12.0,1.15634,549.5688299999999
1.1470262808057454,1.1470262808057454,1.15544,-1.0,-1.0,-1.0,2023-12-06,2025-11-10,0.0084137191942545,0.0084137191942545,7.079067067976825e-05,1,12.0,1.15544,550.7242699999999
